Products{id=47, item_id=29123958, name='MINNEN', category='Beds', price=395.0, old_price=0.0, sellable_online=true, link='https://www.ikea.com/sa/en/p/minnen-ext-bed-frame-with-slatted-bed-base-white-s29123958/', other_colors='No', short_description='"        Ext bed frame with slatted bed base,          80x200 cm"', designer='IKEA of Sweden/Tina Christensen', depth=0.0, height=0.0, width=85.0}
Products{id=48, item_id=49278341, name='BRIMNES', category='Beds', price=895.0, old_price=0.0, sellable_online=true, link='https://www.ikea.com/sa/en/p/brimnes-bed-frame-w-storage-and-headboard-white-luroey-s49278341/', other_colors='No', short_description='"        Bed frame w storage and headboard,          90x200 cm"', designer='IKEA of Sweden/K Hagberg/M Hagberg', depth=54.0, height=110.0, width=96.0}
Products{id=49, item_id=50461230, name='SMÅGÖRA', category='Beds', price=595.0, old_price=0.0, sellable_online=true, link='https://www.ikea.com/sa/en/p/smagoera-cot-white-50461230/', other_colors='No', short_description='"        Cot,          60x120 cm"', designer='IKEA of Sweden', depth=0.0, height=79.0, width=66.0}
Products{id=50, item_id=89326463, name='PLATSA', category='Beds', price=2111.0, old_price=0.0, sellable_online=true, link='https://www.ikea.com/sa/en/p/platsa-bed-frame-with-4-drawers-white-fonnes-s89326463/', other_colors='No', short_description='"        Bed frame with 4 drawers,          140x244x163 cm"', designer='Ola Wihlborg/IKEA of Sweden', depth=40.0, height=43.0, width=140.0}
Products{id=51, item_id=50468953, name='VATTVIKEN', category='Beds', price=995.0, old_price=0.0, sellable_online=true, link='https://www.ikea.com/sa/en/p/vattviken-armchair-bed-lerhaga-light-grey-50468953/', other_colors='No', short_description='        Armchair-bed', designer='"504.689.53 Small and easy-to-place chair-bed which can easily be converted into a single bed.The storage space under the seat has room for bedlinen or other things.Just as nice to look at from all sides – perfect to place in the middle of the room or use as a room divider.The cushion cover is easy to keep clean and fresh, as you can take it off and machine-wash it.Easy to assemble.1 cushion included."', depth=83.0, height=86.0, width=92.0}
Products{id=52, item_id=69326609, name='SLÄKT', category='Beds', price=540.0, old_price=0.0, sellable_online=false, link='https://www.ikea.com/sa/en/p/slaekt-ext-bed-frame-with-slatted-bed-base-white-birch-s69326609/', other_colors='No', short_description='"        Ext bed frame with slatted bed base,          80x200 cm"', designer='IKEA of Sweden/Ebba Strandmark', depth=0.0, height=0.0, width=91.0}
Products{id=53, item_id=59099136, name='BRIMNES', category='Beds', price=795.0, old_price=0.0, sellable_online=true, link='https://www.ikea.com/sa/en/p/brimnes-bed-frame-w-storage-and-headboard-white-s59099136/', other_colors='Yes', short_description='"        Bed frame w storage and headboard,          140x200 cm"', designer='K Hagberg/M Hagberg/IKEA of Sweden', depth=0.0, height=111.0, width=146.0}
Products{id=54, item_id=40395245, name='NEIDEN', category='Beds', price=99.0, old_price=0.0, sellable_online=true, link='https://www.ikea.com/sa/en/p/neiden-bed-frame-pine-40395245/', other_colors='No', short_description='"        Bed frame,          90x200 cm"', designer='Jon Karlsson', depth=0.0, height=0.0, width=94.0}
Products{id=55, item_id=69277307, name='LEIRVIK', category='Beds', price=1195.0, old_price=0.0, sellable_online=true, link='https://www.ikea.com/sa/en/p/leirvik-bed-frame-white-loenset-s69277307/', other_colors='Yes', short_description='"        Bed frame,          180x200 cm"', designer='IKEA of Sweden/Carina Bengs', depth=0.0, height=0.0, width=188.0}
Products{id=56, item_id=70395239, name='NEIDEN', category='Beds', price=199.0, old_price=0.0, sellable_online=true, link='https://www.ikea.com/sa/en/p/neiden-bed-frame-pine-70395239/', other_colors='No', short_description='"        Bed frame,          140x200 cm"', designer='Jon Karlsson', depth=0.0, height=0.0, width=144.0}
Products{id=57, item_id=89931560, name='HEMNES', category='Beds', price=675.0, old_price=0.0, sellable_online=true, link='https://www.ikea.com/sa/en/p/hemnes-bed-frame-white-stain-s89931560/', other_colors='Yes', short_description='"        Bed frame,          140x200 cm"', designer='IKEA of Sweden/Carina Bengs', depth=0.0, height=0.0, width=154.0}
Products{id=58, item_id=30446373, name='SLATTUM', category='Beds', price=595.0, old_price=0.0, sellable_online=true, link='https://www.ikea.com/sa/en/p/slattum-upholstered-bed-frame-knisa-light-grey-30446373/', other_colors='Yes', short_description='"        Upholstered bed frame,          140x200 cm"', designer='David Wahl', depth=0.0, height=0.0, width=144.0}
Products{id=59, item_id=59248612, name='NEIDEN', category='Beds', price=199.0, old_price=0.0, sellable_online=true, link='https://www.ikea.com/sa/en/p/neiden-bed-frame-pine-birch-luroey-s59248612/', other_colors='No', short_description='"        Bed frame,          90x200 cm"', designer='Jon Karlsson/IKEA of Sweden', depth=0.0, height=0.0, width=94.0}
Products{id=60, item_id=19254209, name='SAGSTUA', category='Beds', price=545.0, old_price=0.0, sellable_online=true, link='https://www.ikea.com/sa/en/p/sagstua-bed-frame-white-s19254209/', other_colors='Yes', short_description='"        Bed frame,          140x200 cm"', designer='IKEA of Sweden/Paulin Machado', depth=0.0, height=140.0, width=148.0}
Products{id=61, item_id=20400691, name='BRIMNES', category='Beds', price=575.0, old_price=0.0, sellable_online=true, link='https://www.ikea.com/sa/en/p/brimnes-bed-frame-with-storage-white-20400691/', other_colors='No', short_description='"        Bed frame with storage,          90x200 cm"', designer='K Hagberg/M Hagberg', depth=54.0, height=47.0, width=96.0}
Products{id=62, item_id=39019701, name='ASKVOLL', category='Beds', price=445.0, old_price=0.0, sellable_online=true, link='https://www.ikea.com/sa/en/p/askvoll-bed-frame-white-s39019701/', other_colors='Yes', short_description='"        Bed frame,          140x200 cm"', designer='IKEA of Sweden/K Hagberg/M Hagberg', depth=0.0, height=0.0, width=147.0}
Products{id=63, item_id=69912770, name='TRYSIL', category='Beds', price=525.0, old_price=0.0, sellable_online=true, link='https://www.ikea.com/sa/en/p/trysil-bed-frame-white-light-grey-s69912770/', other_colors='Yes', short_description='"        Bed frame,          160x200 cm"', designer='K Hagberg/M Hagberg/IKEA of Sweden', depth=0.0, height=0.0, width=165.0}
Products{id=64, item_id=29931596, name='MALM', category='Beds', price=495.0, old_price=0.0, sellable_online=true, link='https://www.ikea.com/sa/en/p/malm-bed-frame-high-white-s29931596/', other_colors='Yes', short_description='"        Bed frame, high,          140x200 cm"', designer='IKEA of Sweden/Eva Lilja Löwenhielm', depth=0.0, height=0.0, width=156.0}
Products{id=65, item_id=29179554, name='RAMSTA', category='Beds', price=445.0, old_price=0.0, sellable_online=true, link='https://www.ikea.com/sa/en/p/ramsta-day-bed-frame-with-slatted-bed-base-white-s29179554/', other_colors='No', short_description='"        Day-bed frame with slatted bed base,          90x200 cm"', designer='IKEA of Sweden', depth=0.0, height=80.0, width=97.0}
Products{id=66, item_id=9241043, name='SONGESAND', category='Beds', price=395.0, old_price=0.0, sellable_online=true, link='https://www.ikea.com/sa/en/p/songesand-bed-frame-brown-s09241043/', other_colors='Yes', short_description='"        Bed frame,          140x200 cm"', designer='IKEA of Sweden', depth=0.0, height=0.0, width=153.0}
Products{id=67, item_id=19175957, name='MALM', category='Beds', price=920.0, old_price=0.0, sellable_online=true, link='https://www.ikea.com/sa/en/p/malm-bed-frame-high-w-2-storage-boxes-white-s19175957/', other_colors='Yes', short_description='"        Bed frame, high, w 2 storage boxes,          180x200 cm"', designer='IKEA of Sweden/Eva Lilja Löwenhielm', depth=59.0, height=15.0, width=196.0}
Products{id=68, item_id=19185433, name='SNIGLAR', category='Beds', price=195.0, old_price=0.0, sellable_online=true, link='https://www.ikea.com/sa/en/p/sniglar-bed-frame-with-slatted-bed-base-beech-s19185433/', other_colors='No', short_description='"        Bed frame with slatted bed base,          70x160 cm"', designer='IKEA of Sweden', depth=0.0, height=0.0, width=77.0}
Products{id=69, item_id=39122072, name='LAUVIK', category='Beds', price=1729.0, old_price=0.0, sellable_online=true, link='https://www.ikea.com/sa/en/p/lauvik-divan-bed-hamarvik-firm-firm-dark-beige-s39122072/', other_colors='Yes', short_description='"        Divan bed,          140x200 cm"', designer='IKEA of Sweden/Synnöve Mork/Ola Wihlborg', depth=0.0, height=120.0, width=140.0}
Products{id=70, item_id=79902935, name='BRIMNES', category='Beds', price=575.0, old_price=0.0, sellable_online=true, link='https://www.ikea.com/sa/en/p/brimnes-bed-frame-with-storage-white-s79902935/', other_colors='Yes', short_description='"        Bed frame with storage,          140x200 cm"', designer='K Hagberg/M Hagberg/IKEA of Sweden', depth=54.0, height=20.0, width=146.0}
Products{id=71, item_id=90349326, name='HEMNES', category='Beds', price=1495.0, old_price=0.0, sellable_online=true, link='https://www.ikea.com/sa/en/p/hemnes-day-bed-frame-with-3-drawers-white-90349326/', other_colors='No', short_description='"        Day-bed frame with 3 drawers,          80x200 cm"', designer='Carina Bengs', depth=70.0, height=18.0, width=89.0}
Products{id=72, item_id=99157983, name='NESTTUN', category='Beds', price=595.0, old_price=0.0, sellable_online=true, link='https://www.ikea.com/sa/en/p/nesttun-bed-frame-white-s99157983/', other_colors='Yes', short_description='"        Bed frame,          140x200 cm"', designer='IKEA of Sweden/David Wahl', depth=0.0, height=95.0, width=146.0}
Products{id=73, item_id=69057522, name='TYSSEDAL', category='Beds', price=1395.0, old_price=0.0, sellable_online=true, link='https://www.ikea.com/sa/en/p/tyssedal-bed-frame-white-s69057522/', other_colors='Yes', short_description='"        Bed frame,          140x200 cm"', designer='Ebba Strandmark/IKEA of Sweden', depth=0.0, height=0.0, width=147.0}
Products{id=74, item_id=79012991, name='MALM', category='Beds', price=670.0, old_price=0.0, sellable_online=true, link='https://www.ikea.com/sa/en/p/malm-bed-frame-high-w-2-storage-boxes-white-s79012991/', other_colors='Yes', short_description='"        Bed frame, high, w 2 storage boxes,          90x200 cm"', designer='Eva Lilja Löwenhielm', depth=59.0, height=15.0, width=105.0}
Products{id=75, item_id=249487, name='MALM', category='Beds', price=445.0, old_price=0.0, sellable_online=true, link='https://www.ikea.com/sa/en/p/malm-bed-frame-high-white-00249487/', other_colors='Yes', short_description='"        Bed frame, high,          90x200 cm"', designer='Eva Lilja Löwenhielm', depth=0.0, height=0.0, width=105.0}
Products{id=76, item_id=89227731, name='SLÄKT', category='Beds', price=995.0, old_price=0.0, sellable_online=true, link='https://www.ikea.com/sa/en/p/slaekt-bed-frame-with-underbed-and-storage-white-s89227731/', other_colors='No', short_description='"        Bed frame with underbed and storage,          90x200 cm"', designer='Ebba Strandmark/IKEA of Sweden', depth=57.0, height=0.0, width=96.0}
Products{id=77, item_id=90331091, name='RIDABU', category='Beds', price=100.0, old_price=0.0, sellable_online=true, link='https://www.ikea.com/sa/en/p/ridabu-mirror-door-white-90331091/', other_colors='No', short_description='"        Mirror door,          40x120 cm"', designer='"903.310.91 The door can be hung with the opening to the right or the left.To be completed with 3 HJÄLPA hinges, sold separately.Fits with PLATSA wardrobe system.Knobs and handles are sold separately."', depth=0.0, height=120.0, width=40.0}
Products{id=78, item_id=69185435, name='KRITTER', category='Beds', price=360.0, old_price=0.0, sellable_online=true, link='https://www.ikea.com/sa/en/p/kritter-bed-frame-with-slatted-bed-base-white-s69185435/', other_colors='No', short_description='"        Bed frame with slatted bed base,          70x160 cm"', designer='IKEA of Sweden/Anna Efverlund', depth=0.0, height=0.0, width=75.0}
Products{id=79, item_id=29194427, name='HEMNES', category='Beds', price=1375.0, old_price=0.0, sellable_online=true, link='https://www.ikea.com/sa/en/p/hemnes-bed-frame-with-4-storage-boxes-white-stain-s29194427/', other_colors='Yes', short_description='"        Bed frame with 4 storage boxes,          140x200 cm"', designer='IKEA of Sweden/Carina Bengs', depth=0.0, height=0.0, width=154.0}
Products{id=80, item_id=89305446, name='PLATSA', category='Beds', price=2600.5, old_price=0.0, sellable_online=true, link='https://www.ikea.com/sa/en/p/platsa-bed-frame-with-10-doors-white-s89305446/', other_colors='No', short_description='"        Bed frame with 10 doors,          143x244x223 cm"', designer='IKEA of Sweden', depth=40.0, height=43.0, width=143.0}
Products{id=81, item_id=19259631, name='SAGSTUA', category='Beds', price=745.0, old_price=0.0, sellable_online=true, link='https://www.ikea.com/sa/en/p/sagstua-bed-frame-white-loenset-s19259631/', other_colors='Yes', short_description='"        Bed frame,          90x200 cm"', designer='Paulin Machado', depth=0.0, height=120.0, width=98.0}
Products{id=82, item_id=80017389, name='SANDVIKA', category='Beds', price=295.0, old_price=0.0, sellable_online=true, link='https://www.ikea.com/sa/en/p/sandvika-guest-bed-80017389/', other_colors='No', short_description='"        Guest bed,          80x190 cm"', designer='IKEA of Sweden', depth=0.0, height=34.0, width=80.0}
Products{id=83, item_id=39248608, name='NEIDEN', category='Beds', price=399.0, old_price=0.0, sellable_online=true, link='https://www.ikea.com/sa/en/p/neiden-bed-frame-pine-birch-luroey-s39248608/', other_colors='No', short_description='"        Bed frame,          140x200 cm"', designer='Jon Karlsson/IKEA of Sweden', depth=0.0, height=0.0, width=144.0}
Products{id=84, item_id=69323757, name='MINNEN', category='Beds', price=395.0, old_price=0.0, sellable_online=true, link='https://www.ikea.com/sa/en/p/minnen-ext-bed-frame-with-slatted-bed-base-turquoise-s69323757/', other_colors='No', short_description='"        Ext bed frame with slatted bed base,          80x200 cm"', designer='IKEA of Sweden/Tina Christensen', depth=0.0, height=0.0, width=85.0}
Products{id=85, item_id=79227755, name='SLÄKT', category='Beds', price=375.0, old_price=0.0, sellable_online=true, link='https://www.ikea.com/sa/en/p/slaekt-bed-frame-with-slatted-bed-base-white-s79227755/', other_colors='No', short_description='"        Bed frame with slatted bed base,          90x200 cm"', designer='IKEA of Sweden/Ebba Strandmark', depth=0.0, height=0.0, width=96.0}
Products{id=86, item_id=90354327, name='HAMMARN', category='Beds', price=399.0, old_price=0.0, sellable_online=true, link='https://www.ikea.com/sa/en/p/hammarn-sofa-bed-knisa-dark-grey-black-90354327/', other_colors='No', short_description='"        Sofa-bed,          120 cm"', designer='Jonas Hultqvist', depth=85.0, height=78.0, width=128.0}
Products{id=87, item_id=79247598, name='BJÖRKSNÄS', category='Beds', price=2040.0, old_price=0.0, sellable_online=true, link='https://www.ikea.com/sa/en/p/bjoerksnaes-bed-frame-birch-leirsund-s79247598/', other_colors='Yes', short_description='"        Bed frame,          140x200 cm"', designer='K Hagberg/M Hagberg/IKEA of Sweden', depth=0.0, height=42.0, width=160.0}
Products{id=88, item_id=10362963, name='SLÄKT', category='Beds', price=425.0, old_price=0.0, sellable_online=true, link='https://www.ikea.com/sa/en/p/slaekt-pouffe-mattress-foldable-10362963/', other_colors='No', short_description='"        Pouffe/mattress, foldable"', designer='Gustav Carlberg', depth=0.0, height=0.0, width=62.0}
Products{id=89, item_id=9241420, name='NORDLI', category='Beds', price=2290.0, old_price=0.0, sellable_online=true, link='https://www.ikea.com/sa/en/p/nordli-bed-frame-w-storage-and-headboard-white-s09241420/', other_colors='Yes', short_description='"        Bed frame w storage and headboard,          140x200 cm"', designer='Ola Wihlborg', depth=51.0, height=16.0, width=240.0}
Products{id=90, item_id=20424362, name='FYRESDAL', category='Beds', price=549.0, old_price=0.0, sellable_online=true, link='https://www.ikea.com/sa/en/p/fyresdal-day-bed-frame-black-20424362/', other_colors='No', short_description='"        Day-bed frame,          80x200 cm"', designer='K Hagberg/M Hagberg', depth=0.0, height=94.0, width=88.0}
Products{id=91, item_id=69241097, name='SONGESAND', category='Beds', price=570.0, old_price=0.0, sellable_online=true, link='https://www.ikea.com/sa/en/p/songesand-bed-frame-with-2-storage-boxes-brown-s69241097/', other_colors='Yes', short_description='"        Bed frame with 2 storage boxes,          140x200 cm"', designer='IKEA of Sweden', depth=64.0, height=14.0, width=153.0}
Products{id=92, item_id=39931609, name='MALM', category='Beds', price=945.0, old_price=0.0, sellable_online=true, link='https://www.ikea.com/sa/en/p/malm-bed-frame-high-w-4-storage-boxes-white-s39931609/', other_colors='Yes', short_description='"        Bed frame, high, w 4 storage boxes,          140x200 cm"', designer='IKEA of Sweden/Eva Lilja Löwenhielm', depth=59.0, height=0.0, width=156.0}
Products{id=93, item_id=20467629, name='MYDAL', category='Beds', price=895.0, old_price=0.0, sellable_online=true, link='https://www.ikea.com/sa/en/p/mydal-bunk-bed-frame-white-20467629/', other_colors='No', short_description='"        Bunk bed frame,          90x200 cm"', designer='IKEA of Sweden', depth=0.0, height=157.0, width=97.0}
Products{id=94, item_id=239233, name='TUFFING', category='Beds', price=475.0, old_price=0.0, sellable_online=true, link='https://www.ikea.com/sa/en/p/tuffing-bunk-bed-frame-dark-grey-00239233/', other_colors='No', short_description='"        Bunk bed frame,          90x200 cm"', designer='IKEA of Sweden', depth=0.0, height=130.0, width=96.0}
Products{id=95, item_id=29239459, name='SÄBÖVIK', category='Beds', price=1745.0, old_price=0.0, sellable_online=true, link='https://www.ikea.com/sa/en/p/saeboevik-divan-bed-grey-firm-s29239459/', other_colors='Yes', short_description='"        Divan bed,          140x200 cm"', designer='IKEA of Sweden', depth=0.0, height=90.0, width=140.0}
Products{id=96, item_id=60116960, name='LYCKSELE', category='Beds', price=100.0, old_price=0.0, sellable_online=true, link='https://www.ikea.com/sa/en/p/lycksele-storage-box-2-seat-sofa-bed-black-60116960/', other_colors='No', short_description='        Storage box 2-seat sofa-bed', designer='IKEA of Sweden', depth=55.0, height=21.0, width=92.0}
Products{id=97, item_id=89019992, name='TARVA', category='Beds', price=871.0, old_price=0.0, sellable_online=true, link='https://www.ikea.com/sa/en/p/tarva-bed-frame-pine-leirsund-s89019992/', other_colors='Yes', short_description='"        Bed frame,          140x200 cm"', designer='IKEA of Sweden/K Hagberg/M Hagberg', depth=0.0, height=0.0, width=148.0}
Products{id=98, item_id=30249546, name='HEMNES', category='Beds', price=695.0, old_price=0.0, sellable_online=true, link='https://www.ikea.com/sa/en/p/hemnes-bed-frame-white-stain-30249546/', other_colors='Yes', short_description='"        Bed frame,          90x200 cm"', designer='Carina Bengs', depth=0.0, height=0.0, width=104.0}
Products{id=99, item_id=89019572, name='HEMNES', category='Beds', price=995.0, old_price=0.0, sellable_online=true, link='https://www.ikea.com/sa/en/p/hemnes-bed-frame-white-stain-loenset-s89019572/', other_colors='Yes', short_description='"        Bed frame,          90x200 cm"', designer='Carina Bengs', depth=0.0, height=0.0, width=104.0}
Products{id=100, item_id=70305700, name='BUSUNGE', category='Beds', price=795.0, old_price=0.0, sellable_online=true, link='https://www.ikea.com/sa/en/p/busunge-extendable-bed-white-70305700/', other_colors='No', short_description='"        Extendable bed,          80x200 cm"', designer='Carl Öjerstam', depth=0.0, height=0.0, width=90.0}
Products{id=101, item_id=40433902, name='MARKERAD', category='Beds', price=480.0, old_price=0.0, sellable_online=true, link='https://www.ikea.com/sa/en/p/markerad-day-bed-frame-pine-40433902/', other_colors='No', short_description='"        Day-bed frame,          80x200 cm"', designer='Virgil Abloh', depth=0.0, height=20.0, width=80.0}
Products{id=102, item_id=79129986, name='GJÖRA', category='Beds', price=1640.0, old_price=0.0, sellable_online=true, link='https://www.ikea.com/sa/en/p/gjoera-bed-frame-birch-leirsund-s79129986/', other_colors='Yes', short_description='"        Bed frame,          140x200 cm"', designer='Monika Mulder/IKEA of Sweden', depth=0.0, height=0.0, width=154.0}
Products{id=103, item_id=360484, name='UTÅKER', category='Beds', price=695.0, old_price=0.0, sellable_online=true, link='https://www.ikea.com/sa/en/p/utaker-stackable-bed-pine-00360484/', other_colors='No', short_description='"        Stackable bed,          80x200 cm"', designer='Henrik Preutz', depth=0.0, height=2.0, width=83.0}
Products{id=104, item_id=44361010, name='BRYNE', category='Beds', price=49.0, old_price=0.0, sellable_online=true, link='https://www.ikea.com/sa/en/p/bryne-net-white-44361010/', other_colors='No', short_description='        Net', designer='443.610.10 Easy to keep clean since you can remove the fabric and wash it by machine.NEVER use for infants and young children.WARNING! Entanglement and strangulation hazard.The net is not intended to be used as protection against mosquitos or other insects.', depth=0.0, height=0.0, width=0.0}
Products{id=105, item_id=80253809, name='KURA', category='Beds', price=745.0, old_price=0.0, sellable_online=true, link='https://www.ikea.com/sa/en/p/kura-reversible-bed-white-pine-80253809/', other_colors='No', short_description='"        Reversible bed,          90x200 cm"', designer='T Christensen/K Legaard', depth=0.0, height=116.0, width=99.0}
Products{id=106, item_id=39216754, name='FRIHETEN', category='Beds', price=1846.0, old_price=0.0, sellable_online=true, link='https://www.ikea.com/sa/en/p/friheten-corner-sofa-bed-with-storage-skiftebo-dark-grey-s39216754/', other_colors='Yes', short_description='        Corner sofa-bed with storage', designer='IKEA of Sweden', depth=151.0, height=66.0, width=0.0}
Products{id=107, item_id=10448325, name='VITVAL', category='Beds', price=295.0, old_price=0.0, sellable_online=true, link='https://www.ikea.com/sa/en/p/vitval-underbed-white-10448325/', other_colors='No', short_description='"        Underbed,          90x200 cm"', designer='Tord Björklund', depth=0.0, height=20.0, width=90.0}
Products{id=108, item_id=30160209, name='LURÖY', category='Beds', price=100.0, old_price=0.0, sellable_online=true, link='https://www.ikea.com/sa/en/p/luroey-slatted-bed-base-30160209/', other_colors='Yes', short_description='"        Slatted bed base,          80x200 cm"', designer='IKEA of Sweden', depth=0.0, height=4.0, width=80.0}
Products{id=109, item_id=30248537, name='SNIGLAR', category='Beds', price=295.0, old_price=0.0, sellable_online=true, link='https://www.ikea.com/sa/en/p/sniglar-cot-beech-30248537/', other_colors='No', short_description='"        Cot,          60x120 cm"', designer='IKEA of Sweden', depth=0.0, height=80.0, width=66.0}
Products{id=110, item_id=29188822, name='HEMNES', category='Beds', price=1145.0, old_price=0.0, sellable_online=true, link='https://www.ikea.com/sa/en/p/hemnes-bed-frame-with-2-storage-boxes-white-stain-luroey-s29188822/', other_colors='Yes', short_description='"        Bed frame with 2 storage boxes,          90x200 cm"', designer='IKEA of Sweden/Carina Bengs', depth=0.0, height=0.0, width=104.0}
Products{id=111, item_id=60372276, name='HEMNES', category='Beds', price=1495.0, old_price=0.0, sellable_online=true, link='https://www.ikea.com/sa/en/p/hemnes-day-bed-frame-with-3-drawers-grey-60372276/', other_colors='No', short_description='"        Day-bed frame with 3 drawers,          80x200 cm"', designer='Carina Bengs', depth=70.0, height=18.0, width=89.0}
Products{id=112, item_id=19009562, name='MALM', category='Beds', price=545.0, old_price=0.0, sellable_online=true, link='https://www.ikea.com/sa/en/p/malm-bed-frame-high-white-luroey-s19009562/', other_colors='Yes', short_description='"        Bed frame, high,          90x200 cm"', designer='IKEA of Sweden/Eva Lilja Löwenhielm', depth=0.0, height=0.0, width=105.0}
Products{id=113, item_id=99239451, name='SLÄKT', category='Beds', price=620.0, old_price=0.0, sellable_online=true, link='https://www.ikea.com/sa/en/p/slaekt-underbed-with-storage-white-s99239451/', other_colors='No', short_description='"        Underbed with storage,          90x200 cm"', designer='Ebba Strandmark/IKEA of Sweden', depth=57.0, height=45.0, width=95.0}
Products{id=114, item_id=99287550, name='DELAKTIG', category='Beds', price=2195.0, old_price=0.0, sellable_online=true, link='https://www.ikea.com/sa/en/p/delaktig-bed-frame-with-headboard-aluminium-rattan-s99287550/', other_colors='No', short_description='"        Bed frame with headboard,          160x200 cm"', designer='Tom Dixon/IKEA of Sweden', depth=0.0, height=99.0, width=164.0}
Products{id=115, item_id=19268763, name='STUVA', category='Beds', price=1725.0, old_price=0.0, sellable_online=true, link='https://www.ikea.com/sa/en/p/stuva-loft-bed-combo-w-2-shlvs-3-shlvs-white-s19268763/', other_colors='No', short_description='"        Loft bed combo w 2 shlvs/3 shlvs,          207x99x182 cm"', designer='IKEA of Sweden/Ebba Strandmark', depth=0.0, height=182.0, width=0.0}
Products{id=116, item_id=29250753, name='LAUVIK', category='Beds', price=2425.0, old_price=0.0, sellable_online=true, link='https://www.ikea.com/sa/en/p/lauvik-divan-bed-hamarvik-firm-dark-beige-s29250753/', other_colors='Yes', short_description='"        Divan bed,          160x200 cm"', designer='Synnöve Mork/Ola Wihlborg/IKEA of Sweden', depth=0.0, height=120.0, width=160.0}
Products{id=117, item_id=49303393, name='VIMLE', category='Beds', price=1400.0, old_price=0.0, sellable_online=true, link='https://www.ikea.com/sa/en/p/vimle-cover-for-corner-sofa-bed-4-seat-with-open-end-dalstorp-multicolour-s49303393/', other_colors='Yes', short_description='"        Cover for corner sofa-bed, 4-seat"', designer='Ehlén Johansson', depth=0.0, height=0.0, width=0.0}
Products{id=118, item_id=89186778, name='KONGSFJORD', category='Beds', price=8551.0, old_price=0.0, sellable_online=true, link='https://www.ikea.com/sa/en/p/kongsfjord-divan-bed-hyllestad-firm-tustna-dark-grey-s89186778/', other_colors='Yes', short_description='"        Divan bed,          180x200 cm"', designer='Ola Wihlborg/IKEA of Sweden/Synnöve Mork', depth=0.0, height=135.0, width=180.0}
Products{id=119, item_id=9306416, name='NYHAMN', category='Beds', price=1470.0, old_price=0.0, sellable_online=true, link='https://www.ikea.com/sa/en/p/nyhamn-sofa-bed-with-triple-cushion-with-foam-mattress-skiftebo-yellow-s09306416/', other_colors='Yes', short_description='        Sofa-bed with triple cushion', designer='IKEA of Sweden/L Hilland/Lisa Hilland', depth=97.0, height=90.0, width=200.0}
Products{id=120, item_id=50340163, name='NYHAMN', category='Beds', price=450.0, old_price=0.0, sellable_online=true, link='https://www.ikea.com/sa/en/p/nyhamn-foam-mattress-firm-50340163/', other_colors='No', short_description='"        Foam mattress,          140x200 cm"', designer='IKEA of Sweden/L Hilland', depth=0.0, height=0.0, width=140.0}
Products{id=121, item_id=29291956, name='SLÄKT', category='Beds', price=1395.0, old_price=0.0, sellable_online=true, link='https://www.ikea.com/sa/en/p/slaekt-bed-frame-w-storage-slatted-bedbase-white-s29291956/', other_colors='No', short_description='"        Bed frame w storage+slatted bedbase,          90x200 cm"', designer='IKEA of Sweden/Ebba Strandmark', depth=57.0, height=14.0, width=96.0}
Products{id=122, item_id=70284203, name='ASKEBY', category='Beds', price=995.0, old_price=0.0, sellable_online=true, link='https://www.ikea.com/sa/en/p/askeby-two-seat-sofa-bed-black-70284203/', other_colors='No', short_description='        Two-seat sofa-bed', designer='"702.842.03 A sofa-bed with small, neat dimensions which is easy to furnish with, even when space is limited.Readily converts into a bed.Fixed cover."', depth=72.0, height=72.0, width=149.0}
Products{id=123, item_id=20228709, name='BRIMNES', category='Beds', price=220.0, old_price=0.0, sellable_online=true, link='https://www.ikea.com/sa/en/p/brimnes-headboard-with-storage-compartment-white-20228709/', other_colors='Yes', short_description='"        Headboard with storage compartment,          140 cm"', designer='K Hagberg/M Hagberg', depth=28.0, height=111.0, width=146.0}
Products{id=124, item_id=49046068, name='SUNDVIK', category='Beds', price=849.0, old_price=0.0, sellable_online=true, link='https://www.ikea.com/sa/en/p/sundvik-ext-bed-frame-with-slatted-bed-base-white-s49046068/', other_colors='No', short_description='"        Ext bed frame with slatted bed base,          80x200 cm"', designer='IKEA of Sweden', depth=0.0, height=80.0, width=0.0}
Products{id=125, item_id=20404806, name='MALM', category='Beds', price=1595.0, old_price=0.0, sellable_online=true, link='https://www.ikea.com/sa/en/p/malm-ottoman-bed-white-20404806/', other_colors='Yes', short_description='"        Ottoman bed,          160x200 cm"', designer='Eva Lilja Löwenhielm', depth=0.0, height=0.0, width=175.0}
Products{id=126, item_id=9186126, name='HEMNES', category='Beds', price=2185.0, old_price=0.0, sellable_online=true, link='https://www.ikea.com/sa/en/p/hemnes-day-bed-w-3-drawers-2-mattresses-white-husvika-firm-s09186126/', other_colors='Yes', short_description='"        Day-bed w 3 drawers/2 mattresses,          80x200 cm"', designer='Carina Bengs/IKEA of Sweden', depth=70.0, height=18.0, width=89.0}
Products{id=127, item_id=70362427, name='SOLGUL', category='Beds', price=395.0, old_price=0.0, sellable_online=true, link='https://www.ikea.com/sa/en/p/solgul-cradle-with-foam-mattress-white-70362427/', other_colors='No', short_description='"        Cradle with foam mattress,          66x84 cm"', designer='IKEA of Sweden', depth=0.0, height=53.0, width=66.0}
Products{id=128, item_id=102452, name='MYDAL', category='Beds', price=795.0, old_price=0.0, sellable_online=true, link='https://www.ikea.com/sa/en/p/mydal-bunk-bed-frame-pine-00102452/', other_colors='No', short_description='"        Bunk bed frame,          90x200 cm"', designer='IKEA of Sweden', depth=0.0, height=157.0, width=0.0}
Products{id=129, item_id=40349847, name='NORDLI', category='Beds', price=1595.0, old_price=0.0, sellable_online=true, link='https://www.ikea.com/sa/en/p/nordli-bed-frame-with-storage-white-40349847/', other_colors='Yes', short_description='"        Bed frame with storage,          140x200 cm"', designer='Ola Wihlborg', depth=51.0, height=16.0, width=140.0}
Products{id=130, item_id=30099293, name='VIKARE', category='Beds', price=95.0, old_price=0.0, sellable_online=true, link='https://www.ikea.com/sa/en/p/vikare-guard-rail-white-30099293/', other_colors='No', short_description='        Guard rail', designer='IKEA of Sweden', depth=0.0, height=7.0, width=0.0}
Products{id=131, item_id=70426537, name='DELAKTIG', category='Beds', price=595.0, old_price=0.0, sellable_online=true, link='https://www.ikea.com/sa/en/p/delaktig-headboard-rattan-70426537/', other_colors='No', short_description='"        Headboard,          160 cm"', designer='Tom Dixon', depth=0.0, height=70.0, width=150.0}
Products{id=132, item_id=90299449, name='TUFFING', category='Beds', price=645.0, old_price=0.0, sellable_online=true, link='https://www.ikea.com/sa/en/p/tuffing-loft-bed-frame-dark-grey-90299449/', other_colors='No', short_description='"        Loft bed frame,          90x200 cm"', designer='"902.994.49 A good solution where space is limited.It’s easier to get in and out of the bed with a centered ladder. You can use the space under the bed for storage, a workspace or seating.Recommended for ages from 6 years.High beds and the upper bed of bunk or loft beds are not suitable for children under 6 years due to the risk of injury from falls.Bed base included.Mattress and bedlinen are sold separately.Max load indicates static weight, in other words the load which the bed withstands if you lie or sit on it."', depth=0.0, height=179.0, width=97.0}
Products{id=133, item_id=39277498, name='VALLENTUNA', category='Beds', price=1848.0, old_price=0.0, sellable_online=true, link='https://www.ikea.com/sa/en/p/vallentuna-sofa-bed-module-with-backrests-orrsta-light-grey-s39277498/', other_colors='Yes', short_description='        Sofa-bed module with backrests', designer='Fredriksson/L Löwenhielm/Hilland', depth=93.0, height=84.0, width=113.0}
Products{id=134, item_id=40411410, name='VITVAL', category='Beds', price=200.0, old_price=0.0, sellable_online=true, link='https://www.ikea.com/sa/en/p/vitval-desk-top-white-40411410/', other_colors='No', short_description='"        Desk top,          95x45 cm"', designer='IKEA of Sweden', depth=45.0, height=73.0, width=95.0}
Products{id=135, item_id=89302914, name='PLATSA', category='Beds', price=2307.0, old_price=0.0, sellable_online=true, link='https://www.ikea.com/sa/en/p/platsa-bed-frame-with-10-drawers-white-fonnes-s89302914/', other_colors='No', short_description='"        Bed frame with 10 drawers,          140x244x103 cm"', designer='IKEA of Sweden', depth=40.0, height=43.0, width=140.0}
Products{id=136, item_id=10453086, name='PLATSA', category='Beds', price=1195.0, old_price=0.0, sellable_online=true, link='https://www.ikea.com/sa/en/p/platsa-bed-frame-with-storage-white-10453086/', other_colors='No', short_description='"        Bed frame with storage,          140x200 cm"', designer='IKEA of Sweden', depth=40.0, height=43.0, width=140.0}
Products{id=137, item_id=9324284, name='PLATSA', category='Beds', price=3339.0, old_price=0.0, sellable_online=true, link='https://www.ikea.com/sa/en/p/platsa-bed-frame-with-6-doors-12-drawers-white-fonnes-s09324284/', other_colors='No', short_description='"        Bed frame with 6 doors+12 drawers,          140x244x203 cm"', designer='Ola Wihlborg/IKEA of Sweden', depth=40.0, height=43.0, width=140.0}
Products{id=138, item_id=19302922, name='VITVAL', category='Beds', price=1590.0, old_price=0.0, sellable_online=true, link='https://www.ikea.com/sa/en/p/vitval-bunk-bed-frame-with-underbed-white-light-grey-s19302922/', other_colors='No', short_description='"        Bunk bed frame with underbed,          90x200 cm"', designer='IKEA of Sweden/Tord Björklund', depth=0.0, height=162.0, width=97.0}
Products{id=139, item_id=90229017, name='BUSUNGE', category='Beds', price=795.0, old_price=0.0, sellable_online=true, link='https://www.ikea.com/sa/en/p/busunge-extendable-bed-light-pink-90229017/', other_colors='No', short_description='"        Extendable bed,          80x200 cm"', designer='Carl Öjerstam', depth=0.0, height=0.0, width=90.0}
Products{id=140, item_id=80341496, name='NYHAMN', category='Beds', price=600.0, old_price=0.0, sellable_online=true, link='https://www.ikea.com/sa/en/p/nyhamn-pocket-sprung-mattress-firm-80341496/', other_colors='No', short_description='"        Pocket sprung mattress,          140x200 cm"', designer='IKEA of Sweden/L Hilland', depth=0.0, height=0.0, width=140.0}
Products{id=141, item_id=228705, name='BRIMNES', category='Beds', price=1095.0, old_price=0.0, sellable_online=true, link='https://www.ikea.com/sa/en/p/brimnes-day-bed-frame-with-2-drawers-white-00228705/', other_colors='No', short_description='"        Day-bed frame with 2 drawers,          80x200 cm"', designer='K Hagberg/M Hagberg', depth=53.0, height=21.0, width=86.0}
Products{id=142, item_id=29241160, name='SONGESAND', category='Beds', price=1245.0, old_price=0.0, sellable_online=true, link='https://www.ikea.com/sa/en/p/songesand-bed-frame-with-4-storage-boxes-brown-loenset-s29241160/', other_colors='Yes', short_description='"        Bed frame with 4 storage boxes,          140x200 cm"', designer='IKEA of Sweden', depth=64.0, height=14.0, width=153.0}
Products{id=143, item_id=59167074, name='LAUVIK', category='Beds', price=2146.0, old_price=0.0, sellable_online=true, link='https://www.ikea.com/sa/en/p/lauvik-divan-bed-hamarvik-medium-firm-tuddal-dark-beige-s59167074/', other_colors='Yes', short_description='"        Divan bed,          140x200 cm"', designer='Synnöve Mork/Ola Wihlborg/IKEA of Sweden', depth=0.0, height=120.0, width=140.0}
Products{id=144, item_id=89386070, name='SLÄKT', category='Beds', price=1260.0, old_price=0.0, sellable_online=true, link='https://www.ikea.com/sa/en/p/slaekt-bed-frame-with-3-storage-boxes-white-s89386070/', other_colors='No', short_description='"        Bed frame with 3 storage boxes,          90x200 cm"', designer='Ebba Strandmark/IKEA of Sweden', depth=53.0, height=35.0, width=96.0}
Products{id=145, item_id=10247973, name='SVÄRTA', category='Beds', price=895.0, old_price=0.0, sellable_online=true, link='https://www.ikea.com/sa/en/p/svaerta-bunk-bed-frame-silver-colour-10247973/', other_colors='No', short_description='"        Bunk bed frame,          90x200 cm"', designer='Tord Björklund', depth=0.0, height=159.0, width=97.0}
Products{id=146, item_id=99278070, name='VALLENTUNA', category='Beds', price=7796.0, old_price=0.0, sellable_online=true, link='https://www.ikea.com/sa/en/p/vallentuna-4-seat-modular-sofa-w-3-sofa-beds-and-storage-murum-orrsta-black-olive-green-s99278070/', other_colors='Yes', short_description='        4-seat modular sofa w 3 sofa-beds', designer='Fredriksson/L Löwenhielm/Hilland/IKEA of Sweden', depth=0.0, height=84.0, width=346.0}
Products{id=147, item_id=19166180, name='LYCKSELE MURBO', category='Beds', price=1445.0, old_price=0.0, sellable_online=true, link='https://www.ikea.com/sa/en/p/lycksele-murbo-two-seat-sofa-bed-ebbarp-black-white-s19166180/', other_colors='Yes', short_description='        Two-seat sofa-bed', designer='IKEA of Sweden', depth=100.0, height=87.0, width=142.0}
Products{id=148, item_id=79288188, name='DELAKTIG', category='Beds', price=2595.0, old_price=0.0, sellable_online=true, link='https://www.ikea.com/sa/en/p/delaktig-bed-frame-headboard-2-side-tables-aluminium-rattan-s79288188/', other_colors='No', short_description='"        Bed frame/headboard/2 side tables,          160x200 cm"', designer='Tom Dixon/IKEA of Sweden', depth=0.0, height=99.0, width=204.0}
Products{id=149, item_id=99302918, name='PLATSA', category='Beds', price=1767.0, old_price=0.0, sellable_online=true, link='https://www.ikea.com/sa/en/p/platsa-bed-frame-with-2-drawers-white-fonnes-s99302918/', other_colors='No', short_description='"        Bed frame with 2 drawers,          142x244x103 cm"', designer='IKEA of Sweden', depth=40.0, height=43.0, width=141.0}
Products{id=150, item_id=60433901, name='MARKERAD', category='Beds', price=267.0, old_price=0.0, sellable_online=true, link='https://www.ikea.com/sa/en/p/markerad-cover-for-day-bed-beige-60433901/', other_colors='No', short_description='"        Cover for day-bed,          80x200 cm"', designer='Virgil Abloh', depth=0.0, height=0.0, width=80.0}
Products{id=151, item_id=102065, name='LYCKSELE LÖVÅS', category='Beds', price=495.0, old_price=0.0, sellable_online=true, link='https://www.ikea.com/sa/en/p/lycksele-loevas-mattress-00102065/', other_colors='No', short_description='"        Mattress,          140x188 cm"', designer='IKEA of Sweden', depth=0.0, height=0.0, width=0.0}
Products{id=152, item_id=39227837, name='UTÅKER', category='Beds', price=1285.0, old_price=0.0, sellable_online=true, link='https://www.ikea.com/sa/en/p/utaker-stackable-bed-with-2-mattresses-pine-moshult-firm-s39227837/', other_colors='Yes', short_description='"        Stackable bed with 2 mattresses,          80x200 cm"', designer='IKEA of Sweden/Henrik Preutz', depth=0.0, height=2.0, width=83.0}
Products{id=153, item_id=39041660, name='SUNDVIK', category='Beds', price=849.0, old_price=0.0, sellable_online=true, link='https://www.ikea.com/sa/en/p/sundvik-ext-bed-frame-with-slatted-bed-base-grey-brown-s39041660/', other_colors='No', short_description='"        Ext bed frame with slatted bed base,          80x200 cm"', designer='IKEA of Sweden', depth=0.0, height=80.0, width=0.0}
Products{id=154, item_id=59302915, name='PLATSA', category='Beds', price=2905.0, old_price=0.0, sellable_online=true, link='https://www.ikea.com/sa/en/p/platsa-bed-frame-with-4-doors-6-drawers-white-fonnes-ridabu-s59302915/', other_colors='No', short_description='"        Bed frame with 4 doors+6 drawers,          140x200x223 cm"', designer='IKEA of Sweden', depth=40.0, height=43.0, width=141.0}
Products{id=155, item_id=60299691, name='BRYNILEN', category='Beds', price=30.0, old_price=0.0, sellable_online=true, link='https://www.ikea.com/sa/en/p/brynilen-leg-oak-60299691/', other_colors='No', short_description='"        Leg,          10 cm"', designer='Ola Wihlborg', depth=0.0, height=0.0, width=0.0}
Products{id=156, item_id=39279280, name='FYRESDAL', category='Beds', price=1139.0, old_price=0.0, sellable_online=true, link='https://www.ikea.com/sa/en/p/fyresdal-day-bed-with-2-mattresses-black-moshult-firm-s39279280/', other_colors='Yes', short_description='"        Day-bed with 2 mattresses,          80x200 cm"', designer='K Hagberg/M Hagberg/IKEA of Sweden', depth=0.0, height=94.0, width=88.0}
Products{id=157, item_id=9149879, name='VALLENTUNA', category='Beds', price=1160.0, old_price=0.0, sellable_online=true, link='https://www.ikea.com/sa/en/p/vallentuna-sofa-bed-module-hillared-dark-grey-s09149879/', other_colors='Yes', short_description='        Sofa-bed module', designer='Fredriksson/L Löwenhielm/Hilland', depth=100.0, height=45.0, width=80.0}
Products{id=158, item_id=19287530, name='DELAKTIG', category='Beds', price=1400.0, old_price=0.0, sellable_online=true, link='https://www.ikea.com/sa/en/p/delaktig-bed-frame-aluminium-s19287530/', other_colors='No', short_description='"        Bed frame,          160x200 cm"', designer='IKEA of Sweden/Tom Dixon', depth=0.0, height=29.0, width=164.0}
Products{id=159, item_id=400692, name='BRIMNES', category='Beds', price=220.0, old_price=0.0, sellable_online=true, link='https://www.ikea.com/sa/en/p/brimnes-headboard-with-storage-compartment-white-00400692/', other_colors='No', short_description='"        Headboard with storage compartment,          90 cm"', designer='K Hagberg/M Hagberg', depth=28.0, height=110.0, width=96.0}
Products{id=160, item_id=19326428, name='SLÄKT', category='Beds', price=520.0, old_price=0.0, sellable_online=false, link='https://www.ikea.com/sa/en/p/slaekt-ext-bed-frame-with-slatted-bed-base-white-s19326428/', other_colors='No', short_description='"        Ext bed frame with slatted bed base,          80x200 cm"', designer='Ebba Strandmark/IKEA of Sweden', depth=0.0, height=0.0, width=91.0}
Products{id=161, item_id=80332468, name='SUFFLETT', category='Beds', price=85.0, old_price=0.0, sellable_online=true, link='https://www.ikea.com/sa/en/p/sufflett-bed-tent-pink-80332468/', other_colors='No', short_description='"        Bed tent,          70/80/90"', designer='IKEA of Sweden', depth=0.0, height=80.0, width=0.0}
Products{id=162, item_id=90332458, name='KURA', category='Beds', price=175.0, old_price=0.0, sellable_online=true, link='https://www.ikea.com/sa/en/p/kura-bed-tent-with-curtain-grey-white-90332458/', other_colors='No', short_description='        Bed tent with curtain', designer='Malin Unnborn', depth=0.0, height=68.0, width=97.0}
Products{id=163, item_id=90338403, name='LÖVA', category='Beds', price=55.0, old_price=0.0, sellable_online=true, link='https://www.ikea.com/sa/en/p/loeva-bed-canopy-green-90338403/', other_colors='No', short_description='        Bed canopy', designer='A Huldén/S Dahlman', depth=0.0, height=0.0, width=90.0}
Products{id=164, item_id=99211621, name='HEMNES', category='Beds', price=2085.0, old_price=0.0, sellable_online=true, link='https://www.ikea.com/sa/en/p/hemnes-day-bed-w-3-drawers-2-mattresses-grey-moshult-firm-s99211621/', other_colors='Yes', short_description='"        Day-bed w 3 drawers/2 mattresses,          80x200 cm"', designer='IKEA of Sweden/Carina Bengs', depth=0.0, height=83.0, width=87.0}
Products{id=165, item_id=20320128, name='FLEKKE', category='Beds', price=1495.0, old_price=0.0, sellable_online=true, link='https://www.ikea.com/sa/en/p/flekke-day-bed-frame-with-2-drawers-black-brown-20320128/', other_colors='No', short_description='"        Day-bed frame with 2 drawers,          80x200 cm"', designer='K Hagberg/M Hagberg', depth=0.0, height=86.0, width=88.0}
Products{id=166, item_id=69304829, name='MARKERAD', category='Beds', price=1092.0, old_price=0.0, sellable_online=true, link='https://www.ikea.com/sa/en/p/markerad-day-bed-s69304829/', other_colors='No', short_description='"        Day-bed,          80x200 cm"', designer='IKEA of Sweden/Virgil Abloh', depth=0.0, height=0.0, width=80.0}
Products{id=167, item_id=99302975, name='PLATSA', category='Beds', price=2163.5, old_price=0.0, sellable_online=true, link='https://www.ikea.com/sa/en/p/platsa-bed-frame-with-2-door-3-drawers-white-fonnes-s99302975/', other_colors='No', short_description='"        Bed frame with 2 door+3 drawers,          142x244x163 cm"', designer='IKEA of Sweden', depth=40.0, height=43.0, width=141.0}
Products{id=168, item_id=50393830, name='KURA', category='Beds', price=149.0, old_price=0.0, sellable_online=true, link='https://www.ikea.com/sa/en/p/kura-bed-tent-with-curtain-brown-50393830/', other_colors='No', short_description='        Bed tent with curtain', designer='S Edholm/L Ullenius', depth=0.0, height=68.0, width=97.0}
Products{id=169, item_id=89275265, name='STUVA / FÖLJA', category='Beds', price=1915.0, old_price=0.0, sellable_online=true, link='https://www.ikea.com/sa/en/p/stuva-foelja-loft-bed-combo-w-2-drawer-2-doors-white-s89275265/', other_colors='No', short_description='"        Loft bed combo w 2 drawer/2 doors,          207x99x182 cm"', designer='IKEA of Sweden/Ebba Strandmark', depth=0.0, height=182.0, width=0.0}
Products{id=170, item_id=39288128, name='DELAKTIG', category='Beds', price=2495.0, old_price=0.0, sellable_online=true, link='https://www.ikea.com/sa/en/p/delaktig-bed-frame-headboard-2-side-tables-aluminium-black-s39288128/', other_colors='No', short_description='"        Bed frame/headboard/2 side tables,          160x200 cm"', designer='IKEA of Sweden/Tom Dixon', depth=0.0, height=99.0, width=204.0}
Products{id=171, item_id=70340567, name='GRÄLVIKEN', category='Beds', price=1995.0, old_price=0.0, sellable_online=true, link='https://www.ikea.com/sa/en/p/graelviken-3-seat-sofa-bed-grey-70340567/', other_colors='No', short_description='        3-seat sofa-bed', designer='IKEA of Sweden', depth=86.0, height=74.0, width=225.0}
Products{id=172, item_id=89240761, name='HOLMSUND', category='Beds', price=2295.0, old_price=0.0, sellable_online=true, link='https://www.ikea.com/sa/en/p/holmsund-three-seat-sofa-bed-orrsta-light-white-grey-s89240761/', other_colors='Yes', short_description='        Three-seat sofa-bed', designer='K Hagberg/M Hagberg', depth=99.0, height=96.0, width=230.0}
Products{id=173, item_id=59250756, name='LAUVIK', category='Beds', price=2902.0, old_price=0.0, sellable_online=true, link='https://www.ikea.com/sa/en/p/lauvik-divan-bed-hamarvik-firm-tuddal-dark-beige-s59250756/', other_colors='Yes', short_description='"        Divan bed,          160x200 cm"', designer='Synnöve Mork/Ola Wihlborg/IKEA of Sweden', depth=0.0, height=120.0, width=160.0}
Products{id=174, item_id=79253259, name='STUVA / FRITIDS', category='Beds', price=1990.0, old_price=0.0, sellable_online=true, link='https://www.ikea.com/sa/en/p/stuva-fritids-loft-bed-combo-w-3-drawers-2-doors-white-white-s79253259/', other_colors='Yes', short_description='"        Loft bed combo w 3 drawers/2 doors,          207x99x182 cm"', designer='Ebba Strandmark/IKEA of Sweden', depth=0.0, height=182.0, width=0.0}
Products{id=175, item_id=20247982, name='SVÄRTA', category='Beds', price=875.0, old_price=0.0, sellable_online=true, link='https://www.ikea.com/sa/en/p/svaerta-loft-bed-frame-silver-colour-20247982/', other_colors='No', short_description='"        Loft bed frame,          90x200 cm"', designer='Tord Björklund', depth=0.0, height=186.0, width=97.0}
Products{id=176, item_id=9302913, name='PLATSA', category='Beds', price=1611.0, old_price=0.0, sellable_online=true, link='https://www.ikea.com/sa/en/p/platsa-bed-frame-with-4-drawers-white-fonnes-s09302913/', other_colors='No', short_description='"        Bed frame with 4 drawers,          142x244x43 cm"', designer='IKEA of Sweden', depth=40.0, height=42.0, width=141.0}
Products{id=177, item_id=29278101, name='GRÖNLID', category='Beds', price=3595.0, old_price=0.0, sellable_online=true, link='https://www.ikea.com/sa/en/p/groenlid-2-seat-sofa-bed-ljungen-dark-red-s29278101/', other_colors='Yes', short_description='        2-seat sofa-bed', designer='IKEA of Sweden/Francis Cayouette/Ehlén Johansson', depth=98.0, height=104.0, width=196.0}
Products{id=178, item_id=80411272, name='VITVAL', category='Beds', price=1295.0, old_price=0.0, sellable_online=true, link='https://www.ikea.com/sa/en/p/vitval-bunk-bed-frame-white-light-grey-80411272/', other_colors='No', short_description='"        Bunk bed frame,          90x200 cm"', designer='IKEA of Sweden', depth=0.0, height=162.0, width=97.0}
Products{id=179, item_id=49278591, name='GRÖNLID', category='Beds', price=7610.0, old_price=0.0, sellable_online=true, link='https://www.ikea.com/sa/en/p/groenlid-corner-sofa-bed-5-seat-with-chaise-longue-ljungen-dark-red-s49278591/', other_colors='Yes', short_description='"        Corner sofa-bed, 5-seat"', designer='Francis Cayouette/Ehlén Johansson/IKEA of Sweden', depth=164.0, height=104.0, width=252.0}
Products{id=180, item_id=19129932, name='BRIMNES', category='Beds', price=1795.0, old_price=0.0, sellable_online=true, link='https://www.ikea.com/sa/en/p/brimnes-day-bed-w-2-drawers-2-mattresses-white-malfors-medium-firm-s19129932/', other_colors='Yes', short_description='"        Day-bed w 2 drawers/2 mattresses,          80x200 cm"', designer='IKEA of Sweden/K Hagberg/M Hagberg', depth=53.0, height=21.0, width=86.0}
Products{id=181, item_id=80362974, name='SLÄKT', category='Beds', price=295.0, old_price=0.0, sellable_online=true, link='https://www.ikea.com/sa/en/p/slaekt-storage-box-with-castors-80362974/', other_colors='No', short_description='"        Storage box with castors,          62x62x35 cm"', designer='Ebba Strandmark', depth=53.0, height=35.0, width=62.0}
Products{id=182, item_id=10372976, name='NORDLI', category='Beds', price=695.0, old_price=0.0, sellable_online=true, link='https://www.ikea.com/sa/en/p/nordli-headboard-white-10372976/', other_colors='No', short_description='"        Headboard,          140/160 cm"', designer='Ola Wihlborg', depth=0.0, height=84.0, width=240.0}
Products{id=183, item_id=69287537, name='DELAKTIG', category='Beds', price=2095.0, old_price=0.0, sellable_online=true, link='https://www.ikea.com/sa/en/p/delaktig-bed-frame-with-headboard-aluminium-black-s69287537/', other_colors='No', short_description='"        Bed frame with headboard,          160x200 cm"', designer='IKEA of Sweden/Tom Dixon', depth=0.0, height=99.0, width=164.0}
Products{id=184, item_id=257953, name='GONATT', category='Beds', price=1095.0, old_price=0.0, sellable_online=true, link='https://www.ikea.com/sa/en/p/gonatt-cot-light-grey-00257953/', other_colors='No', short_description='"        Cot,          60x120 cm"', designer='J Asshoff/H Brogård', depth=0.0, height=103.0, width=66.0}
Products{id=185, item_id=20299688, name='BRENNÅSEN', category='Beds', price=30.0, old_price=0.0, sellable_online=true, link='https://www.ikea.com/sa/en/p/brennasen-leg-black-stained-20299688/', other_colors='No', short_description='"        Leg,          10 cm"', designer='Ola Wihlborg', depth=7.0, height=0.0, width=7.0}
Products{id=186, item_id=9217849, name='BRÅTHULT', category='Beds', price=1991.0, old_price=0.0, sellable_online=true, link='https://www.ikea.com/sa/en/p/brathult-corner-sofa-bed-borred-grey-green-s09217849/', other_colors='Yes', short_description='        Corner sofa-bed', designer='Lisa Hilland/David Wahl/IKEA of Sweden', depth=78.0, height=69.0, width=212.0}
Products{id=187, item_id=19302917, name='PLATSA', category='Beds', price=2210.0, old_price=0.0, sellable_online=true, link='https://www.ikea.com/sa/en/p/platsa-bed-frame-with-storage-white-s19302917/', other_colors='No', short_description='"        Bed frame with storage,          140x244x223 cm"', designer='IKEA of Sweden', depth=40.0, height=43.0, width=140.0}
Products{id=188, item_id=59151271, name='SVÄRTA', category='Beds', price=1175.0, old_price=0.0, sellable_online=true, link='https://www.ikea.com/sa/en/p/svaerta-loft-bed-frame-with-desk-top-silver-colour-s59151271/', other_colors='No', short_description='"        Loft bed frame with desk top,          90x200 cm"', designer='Tord Björklund', depth=0.0, height=186.0, width=97.0}
Products{id=189, item_id=9306435, name='NYHAMN', category='Beds', price=1445.0, old_price=0.0, sellable_online=true, link='https://www.ikea.com/sa/en/p/nyhamn-3-seat-sofa-bed-with-pocket-spring-mattress-skiftebo-yellow-s09306435/', other_colors='Yes', short_description='        3-seat sofa-bed', designer='IKEA of Sweden/L Hilland/Lisa Hilland', depth=97.0, height=90.0, width=200.0}
Products{id=190, item_id=29277639, name='LIDHULT', category='Beds', price=9585.0, old_price=0.0, sellable_online=true, link='https://www.ikea.com/sa/en/p/lidhult-corner-sofa-bed-6-seat-with-chaise-longue-lejde-red-brown-red-brown-s29277639/', other_colors='Yes', short_description='"        Corner sofa-bed, 6-seat"', designer='Henrik Preutz/IKEA of Sweden', depth=164.0, height=102.0, width=387.0}
Products{id=191, item_id=40299687, name='BURFJORD', category='Beds', price=40.0, old_price=0.0, sellable_online=true, link='https://www.ikea.com/sa/en/p/burfjord-leg-oak-40299687/', other_colors='No', short_description='"        Leg,          10 cm"', designer='Ola Wihlborg', depth=55.0, height=0.0, width=55.0}
Products{id=192, item_id=49277105, name='VALLENTUNA', category='Beds', price=4488.0, old_price=0.0, sellable_online=true, link='https://www.ikea.com/sa/en/p/vallentuna-3-seat-modular-sofa-with-sofa-bed-and-storage-hillared-murum-dark-grey-black-s49277105/', other_colors='Yes', short_description='        3-seat modular sofa with sofa-bed', designer='Fredriksson/L Löwenhielm/Hilland', depth=0.0, height=84.0, width=266.0}
Products{id=193, item_id=69302566, name='VITVAL', category='Beds', price=1195.0, old_price=0.0, sellable_online=true, link='https://www.ikea.com/sa/en/p/vitval-loft-bed-frame-with-desk-top-white-light-grey-s69302566/', other_colors='No', short_description='"        Loft bed frame with desk top,          90x200 cm"', designer='IKEA of Sweden', depth=0.0, height=195.0, width=135.0}
Products{id=194, item_id=9278003, name='VALLENTUNA', category='Beds', price=5780.0, old_price=0.0, sellable_online=true, link='https://www.ikea.com/sa/en/p/vallentuna-modular-corner-sofa-3-seat-sofa-bed-and-storage-murum-white-s09278003/', other_colors='Yes', short_description='        Modular corner sofa 3-seat+sofa-bed', designer='Ehlén Johansson', depth=93.0, height=84.0, width=266.0}
Products{id=195, item_id=19290014, name='LIDHULT', category='Beds', price=3340.0, old_price=0.0, sellable_online=true, link='https://www.ikea.com/sa/en/p/lidhult-2-seat-sofa-bed-section-lejde-grey-black-s19290014/', other_colors='Yes', short_description='        2-seat sofa-bed section', designer='IKEA of Sweden/Henrik Preutz', depth=97.0, height=95.0, width=160.0}
Products{id=196, item_id=20426525, name='DELAKTIG', category='Beds', price=495.0, old_price=0.0, sellable_online=true, link='https://www.ikea.com/sa/en/p/delaktig-headboard-black-20426525/', other_colors='No', short_description='"        Headboard,          160 cm"', designer='Tom Dixon', depth=0.0, height=70.0, width=150.0}
Products{id=197, item_id=10248519, name='GULLIVER', category='Beds', price=595.0, old_price=0.0, sellable_online=true, link='https://www.ikea.com/sa/en/p/gulliver-cot-white-10248519/', other_colors='No', short_description='"        Cot,          60x120 cm"', designer='IKEA of Sweden', depth=0.0, height=80.0, width=66.0}
Products{id=198, item_id=60429471, name='DELAKTIG', category='Beds', price=200.0, old_price=0.0, sellable_online=true, link='https://www.ikea.com/sa/en/p/delaktig-fitting-for-headboard-60429471/', other_colors='No', short_description='        Fitting for headboard', designer='Tom Dixon', depth=0.0, height=0.0, width=0.0}
Products{id=199, item_id=89300750, name='FLOTTEBO', category='Beds', price=2236.0, old_price=0.0, sellable_online=true, link='https://www.ikea.com/sa/en/p/flottebo-sofa-bed-with-side-table-gunnared-medium-grey-s89300750/', other_colors='Yes', short_description='"        Sofa-bed with side table,          120 cm"', designer='C Halskov/H Dalsgaard', depth=120.0, height=79.0, width=200.0}
Products{id=200, item_id=29288100, name='DELAKTIG', category='Beds', price=1800.0, old_price=0.0, sellable_online=true, link='https://www.ikea.com/sa/en/p/delaktig-bed-frame-with-2-side-tables-aluminium-black-s29288100/', other_colors='No', short_description='"        Bed frame with 2 side tables,          160x200 cm"', designer='IKEA of Sweden/Tom Dixon', depth=0.0, height=29.0, width=204.0}
Products{id=201, item_id=49292686, name='VIMLE', category='Beds', price=4645.0, old_price=0.0, sellable_online=true, link='https://www.ikea.com/sa/en/p/vimle-3-seat-sofa-bed-with-chaise-longue-gunnared-medium-grey-s49292686/', other_colors='Yes', short_description='        3-seat sofa-bed', designer='Ehlén Johansson/IKEA of Sweden', depth=98.0, height=83.0, width=271.0}
Products{id=202, item_id=49306443, name='NYHAMN', category='Beds', price=1295.0, old_price=0.0, sellable_online=true, link='https://www.ikea.com/sa/en/p/nyhamn-3-seat-sofa-bed-with-foam-mattress-skiftebo-yellow-s49306443/', other_colors='Yes', short_description='        3-seat sofa-bed', designer='IKEA of Sweden/L Hilland/Lisa Hilland', depth=97.0, height=90.0, width=200.0}
Products{id=203, item_id=45932080, name='SULTAN', category='Beds', price=50.0, old_price=0.0, sellable_online=true, link='https://www.ikea.com/sa/en/p/sultan-supporting-leg-black-45932080/', other_colors='No', short_description='        Supporting leg', designer='IKEA of Sweden', depth=0.0, height=0.0, width=0.0}
Products{id=204, item_id=10309616, name='BÅTSFJORD', category='Beds', price=30.0, old_price=0.0, sellable_online=true, link='https://www.ikea.com/sa/en/p/batsfjord-leg-birch-10309616/', other_colors='No', short_description='"        Leg,          10 cm"', designer='Ehlén Johansson', depth=0.0, height=0.0, width=0.0}
Products{id=205, item_id=79186774, name='KONGSFJORD', category='Beds', price=8356.0, old_price=0.0, sellable_online=true, link='https://www.ikea.com/sa/en/p/kongsfjord-divan-bed-hyllestad-medium-firm-tustna-dark-grey-s79186774/', other_colors='Yes', short_description='"        Divan bed,          180x200 cm"', designer='Ola Wihlborg/Synnöve Mork/IKEA of Sweden', depth=0.0, height=135.0, width=180.0}
Products{id=206, item_id=99183864, name='FLEKKE', category='Beds', price=2185.0, old_price=0.0, sellable_online=true, link='https://www.ikea.com/sa/en/p/flekke-day-bed-w-2-drawers-2-mattresses-black-brown-husvika-firm-s99183864/', other_colors='Yes', short_description='"        Day-bed w 2 drawers/2 mattresses,          80x200 cm"', designer='K Hagberg/M Hagberg/IKEA of Sweden', depth=0.0, height=86.0, width=88.0}
Products{id=207, item_id=70248564, name='SUNDVIK', category='Beds', price=695.0, old_price=0.0, sellable_online=true, link='https://www.ikea.com/sa/en/p/sundvik-cot-grey-brown-70248564/', other_colors='No', short_description='"        Cot,          60x120 cm"', designer='IKEA of Sweden', depth=0.0, height=85.0, width=67.0}
Products{id=208, item_id=79217902, name='SANDBACKEN', category='Beds', price=1841.0, old_price=0.0, sellable_online=true, link='https://www.ikea.com/sa/en/p/sandbacken-corner-sofa-bed-lofallet-beige-s79217902/', other_colors='Yes', short_description='        Corner sofa-bed', designer='David Wahl/Lisa Hilland/IKEA of Sweden', depth=0.0, height=69.0, width=212.0}
Products{id=209, item_id=79150746, name='HOLMSUND', category='Beds', price=2995.0, old_price=0.0, sellable_online=true, link='https://www.ikea.com/sa/en/p/holmsund-corner-sofa-bed-nordvalla-medium-grey-s79150746/', other_colors='Yes', short_description='        Corner sofa-bed', designer='K Hagberg/M Hagberg/IKEA of Sweden', depth=151.0, height=96.0, width=230.0}
Products{id=210, item_id=29277724, name='VALLENTUNA', category='Beds', price=4320.0, old_price=0.0, sellable_online=true, link='https://www.ikea.com/sa/en/p/vallentuna-2-seat-modular-sofa-w-2-sofa-beds-murum-white-s29277724/', other_colors='Yes', short_description='        2-seat modular sofa w 2 sofa-beds', designer='Ehlén Johansson', depth=113.0, height=84.0, width=186.0}
Products{id=211, item_id=59297481, name='FLOTTEBO', category='Beds', price=1596.0, old_price=0.0, sellable_online=true, link='https://www.ikea.com/sa/en/p/flottebo-sofa-bed-vissle-dark-grey-s59297481/', other_colors='Yes', short_description='"        Sofa-bed,          90 cm"', designer='C Halskov/H Dalsgaard', depth=90.0, height=79.0, width=200.0}
Products{id=212, item_id=9306355, name='NYHAMN', category='Beds', price=1520.0, old_price=0.0, sellable_online=true, link='https://www.ikea.com/sa/en/p/nyhamn-sofa-bed-with-triple-cushion-with-pocket-spring-mattress-knisa-grey-beige-s09306355/', other_colors='Yes', short_description='        Sofa-bed with triple cushion', designer='IKEA of Sweden/L Hilland', depth=97.0, height=90.0, width=200.0}
Products{id=213, item_id=20249896, name='SVÄRTA', category='Beds', price=300.0, old_price=0.0, sellable_online=true, link='https://www.ikea.com/sa/en/p/svaerta-desk-top-silver-colour-20249896/', other_colors='No', short_description='        Desk top', designer='Tord Björklund', depth=88.0, height=2.0, width=200.0}
Products{id=214, item_id=29266184, name='LIDHULT', category='Beds', price=7785.0, old_price=0.0, sellable_online=true, link='https://www.ikea.com/sa/en/p/lidhult-corner-sofa-bed-5-seat-lejde-grey-black-s29266184/', other_colors='Yes', short_description='"        Corner sofa-bed, 5-seat"', designer='IKEA of Sweden/Henrik Preutz', depth=98.0, height=102.0, width=294.0}
Products{id=215, item_id=29278158, name='GRÖNLID', category='Beds', price=4270.0, old_price=0.0, sellable_online=true, link='https://www.ikea.com/sa/en/p/groenlid-3-seat-sofa-bed-with-open-end-ljungen-medium-grey-s29278158/', other_colors='Yes', short_description='        3-seat sofa-bed', designer='Francis Cayouette/Ehlén Johansson/IKEA of Sweden', depth=98.0, height=104.0, width=231.0}
Products{id=216, item_id=49268653, name='STUVA / FRITIDS', category='Beds', price=2025.0, old_price=0.0, sellable_online=true, link='https://www.ikea.com/sa/en/p/stuva-fritids-loft-bed-combo-w-4-drawers-2-doors-white-light-pink-s49268653/', other_colors='Yes', short_description='"        Loft bed combo w 4 drawers/2 doors,          207x99x182 cm"', designer='Ebba Strandmark/IKEA of Sweden', depth=0.0, height=182.0, width=0.0}
Products{id=217, item_id=60102067, name='LYCKSELE HÅVET', category='Beds', price=795.0, old_price=0.0, sellable_online=true, link='https://www.ikea.com/sa/en/p/lycksele-havet-mattress-60102067/', other_colors='No', short_description='"        Mattress,          140x188 cm"', designer='IKEA of Sweden', depth=0.0, height=0.0, width=0.0}
Products{id=218, item_id=248567, name='SUNDVIK', category='Beds', price=695.0, old_price=0.0, sellable_online=true, link='https://www.ikea.com/sa/en/p/sundvik-cot-white-00248567/', other_colors='No', short_description='"        Cot,          60x120 cm"', designer='IKEA of Sweden', depth=0.0, height=85.0, width=67.0}
Products{id=219, item_id=60431563, name='FRIHETEN', category='Beds', price=1845.0, old_price=0.0, sellable_online=true, link='https://www.ikea.com/sa/en/p/friheten-3-seat-sofa-bed-skiftebo-blue-60431563/', other_colors='Yes', short_description='        3-seat sofa-bed', designer='IKEA of Sweden', depth=105.0, height=83.0, width=225.0}
Products{id=220, item_id=29285521, name='VIMLE', category='Beds', price=2945.0, old_price=0.0, sellable_online=true, link='https://www.ikea.com/sa/en/p/vimle-2-seat-sofa-bed-section-gunnared-beige-s29285521/', other_colors='Yes', short_description='        2-seat sofa-bed section', designer='Ehlén Johansson/IKEA of Sweden', depth=98.0, height=83.0, width=160.0}
Products{id=221, item_id=89278481, name='GRÖNLID', category='Beds', price=4790.0, old_price=0.0, sellable_online=true, link='https://www.ikea.com/sa/en/p/groenlid-3-seat-sofa-bed-with-chaise-longue-inseros-white-s89278481/', other_colors='Yes', short_description='        3-seat sofa-bed', designer='IKEA of Sweden/Ehlén Johansson/Francis Cayouette', depth=164.0, height=104.0, width=277.0}
Products{id=222, item_id=70299695, name='BJORLI', category='Beds', price=40.0, old_price=0.0, sellable_online=true, link='https://www.ikea.com/sa/en/p/bjorli-leg-stainless-steel-70299695/', other_colors='Yes', short_description='"        Leg,          10 cm"', designer='Ola Wihlborg', depth=0.0, height=0.0, width=0.0}
Products{id=223, item_id=50456417, name='SLÄKT', category='Beds', price=75.0, old_price=0.0, sellable_online=false, link='https://www.ikea.com/sa/en/p/slaekt-headboard-white-50456417/', other_colors='Yes', short_description='        Headboard', designer='Ebba Strandmark', depth=0.0, height=40.0, width=90.0}
Products{id=224, item_id=40296599, name='KURA', category='Beds', price=125.0, old_price=0.0, sellable_online=true, link='https://www.ikea.com/sa/en/p/kura-bed-tent-turquoise-40296599/', other_colors='No', short_description='        Bed tent', designer='T Christensen/K Legaard', depth=0.0, height=68.0, width=97.0}
Products{id=225, item_id=10311228, name='KURA', category='Beds', price=125.0, old_price=0.0, sellable_online=true, link='https://www.ikea.com/sa/en/p/kura-bed-tent-pink-10311228/', other_colors='No', short_description='        Bed tent', designer='T Christensen/K Legaard', depth=0.0, height=68.0, width=97.0}
Products{id=226, item_id=9277918, name='VALLENTUNA', category='Beds', price=4036.0, old_price=0.0, sellable_online=true, link='https://www.ikea.com/sa/en/p/vallentuna-3-seat-modular-sofa-with-sofa-bed-with-open-end-hillared-light-blue-s09277918/', other_colors='Yes', short_description='        3-seat modular sofa with sofa-bed', designer='IKEA of Sweden/Fredriksson/L Löwenhielm/Hilland', depth=0.0, height=84.0, width=273.0}
Products{id=227, item_id=19290603, name='LIDHULT', category='Beds', price=4841.0, old_price=0.0, sellable_online=true, link='https://www.ikea.com/sa/en/p/lidhult-2-seat-sofa-bed-section-grann-bomstad-dark-brown-s19290603/', other_colors='No', short_description='        2-seat sofa-bed section', designer='IKEA of Sweden/Henrik Preutz', depth=97.0, height=95.0, width=160.0}
Products{id=228, item_id=80309613, name='BRATTVÅG', category='Beds', price=50.0, old_price=0.0, sellable_online=true, link='https://www.ikea.com/sa/en/p/brattvag-leg-black-80309613/', other_colors='No', short_description='"        Leg,          10 cm"', designer='Ola Wihlborg', depth=0.0, height=0.0, width=0.0}
Products{id=229, item_id=59277652, name='VALLENTUNA', category='Beds', price=2932.0, old_price=0.0, sellable_online=true, link='https://www.ikea.com/sa/en/p/vallentuna-2-seat-modular-sofa-with-sofa-bed-and-storage-hillared-light-blue-s59277652/', other_colors='Yes', short_description='        2-seat modular sofa with sofa-bed', designer='IKEA of Sweden/Fredriksson/L Löwenhielm/Hilland', depth=113.0, height=84.0, width=186.0}
Products{id=230, item_id=69278415, name='GRÖNLID', category='Beds', price=4390.0, old_price=0.0, sellable_online=true, link='https://www.ikea.com/sa/en/p/groenlid-3-seat-sofa-bed-ljungen-light-green-s69278415/', other_colors='Yes', short_description='        3-seat sofa-bed', designer='Francis Cayouette/Ehlén Johansson/IKEA of Sweden', depth=98.0, height=104.0, width=267.0}
Products{id=231, item_id=80102066, name='LYCKSELE MURBO', category='Beds', price=695.0, old_price=0.0, sellable_online=true, link='https://www.ikea.com/sa/en/p/lycksele-murbo-mattress-80102066/', other_colors='No', short_description='"        Mattress,          140x188 cm"', designer='IKEA of Sweden', depth=0.0, height=0.0, width=0.0}
Products{id=232, item_id=89253169, name='STUVA / FRITIDS', category='Beds', price=995.0, old_price=0.0, sellable_online=true, link='https://www.ikea.com/sa/en/p/stuva-fritids-cot-with-drawers-white-s89253169/', other_colors='No', short_description='"        Cot with drawers,          60x120 cm"', designer='Ebba Strandmark', depth=0.0, height=86.0, width=66.0}
Products{id=233, item_id=10411242, name='VITVAL', category='Beds', price=995.0, old_price=0.0, sellable_online=true, link='https://www.ikea.com/sa/en/p/vitval-loft-bed-frame-white-light-grey-10411242/', other_colors='No', short_description='"        Loft bed frame,          90x200 cm"', designer='IKEA of Sweden', depth=0.0, height=195.0, width=135.0}
Products{id=234, item_id=19285588, name='VIMLE', category='Beds', price=3355.0, old_price=0.0, sellable_online=true, link='https://www.ikea.com/sa/en/p/vimle-2-seat-sofa-bed-gunnared-medium-grey-s19285588/', other_colors='Yes', short_description='        2-seat sofa-bed', designer='IKEA of Sweden/Ehlén Johansson', depth=98.0, height=83.0, width=190.0}
Products{id=235, item_id=29297454, name='FLOTTEBO', category='Beds', price=1676.0, old_price=0.0, sellable_online=true, link='https://www.ikea.com/sa/en/p/flottebo-sofa-bed-with-side-table-vissle-purple-s29297454/', other_colors='Yes', short_description='"        Sofa-bed with side table,          90 cm"', designer='C Halskov/H Dalsgaard', depth=90.0, height=79.0, width=200.0}
Products{id=236, item_id=99280884, name='LYCKSELE LÖVÅS', category='Beds', price=1345.0, old_price=0.0, sellable_online=true, link='https://www.ikea.com/sa/en/p/lycksele-loevas-2-seat-sofa-bed-vallarum-cerise-s99280884/', other_colors='Yes', short_description='        2-seat sofa-bed', designer='IKEA of Sweden', depth=100.0, height=87.0, width=142.0}
Products{id=237, item_id=9278569, name='GRÖNLID', category='Beds', price=6110.0, old_price=0.0, sellable_online=true, link='https://www.ikea.com/sa/en/p/groenlid-corner-sofa-bed-4-seat-with-open-end-sporda-natural-s09278569/', other_colors='Yes', short_description='"        Corner sofa-bed, 4-seat"', designer='Ehlén Johansson/Francis Cayouette/IKEA of Sweden', depth=98.0, height=104.0, width=235.0}
Products{id=238, item_id=19299726, name='VIMLE', category='Beds', price=7765.0, old_price=0.0, sellable_online=true, link='https://www.ikea.com/sa/en/p/vimle-corner-sofa-bed-5-seat-with-chaise-longue-dalstorp-multicolour-s19299726/', other_colors='Yes', short_description='"        Corner sofa-bed, 5-seat"', designer='Ehlén Johansson/IKEA of Sweden', depth=98.0, height=83.0, width=349.0}
Products{id=239, item_id=29257066, name='LIDHULT', category='Beds', price=4040.0, old_price=0.0, sellable_online=true, link='https://www.ikea.com/sa/en/p/lidhult-2-seat-sofa-bed-lejde-grey-black-s29257066/', other_colors='Yes', short_description='        2-seat sofa-bed', designer='IKEA of Sweden/Henrik Preutz', depth=98.0, height=102.0, width=208.0}
Products{id=240, item_id=39292465, name='VIMLE', category='Beds', price=4120.0, old_price=0.0, sellable_online=true, link='https://www.ikea.com/sa/en/p/vimle-3-seat-sofa-bed-with-open-end-tallmyra-black-grey-s39292465/', other_colors='Yes', short_description='        3-seat sofa-bed', designer='Ehlén Johansson/IKEA of Sweden', depth=98.0, height=83.0, width=246.0}
Products{id=241, item_id=69292275, name='VIMLE', category='Beds', price=4265.0, old_price=0.0, sellable_online=true, link='https://www.ikea.com/sa/en/p/vimle-3-seat-sofa-bed-gunnared-beige-s69292275/', other_colors='Yes', short_description='        3-seat sofa-bed', designer='Ehlén Johansson/IKEA of Sweden', depth=98.0, height=83.0, width=261.0}
Products{id=242, item_id=79267280, name='STUVA / FRITIDS', category='Beds', price=995.0, old_price=0.0, sellable_online=true, link='https://www.ikea.com/sa/en/p/stuva-fritids-cot-with-drawers-light-pink-s79267280/', other_colors='No', short_description='"        Cot with drawers,          60x120 cm"', designer='Ebba Strandmark', depth=0.0, height=86.0, width=66.0}
Products{id=243, item_id=99275241, name='STUVA / FÖLJA', category='Beds', price=1980.0, old_price=0.0, sellable_online=true, link='https://www.ikea.com/sa/en/p/stuva-foelja-loft-bed-combo-w-4-drawers-2-doors-white-s99275241/', other_colors='No', short_description='"        Loft bed combo w 4 drawers/2 doors,          207x99x182 cm"', designer='IKEA of Sweden/Ebba Strandmark', depth=0.0, height=182.0, width=0.0}
Products{id=244, item_id=50201534, name='GONATT', category='Beds', price=1095.0, old_price=0.0, sellable_online=true, link='https://www.ikea.com/sa/en/p/gonatt-cot-white-50201534/', other_colors='No', short_description='"        Cot,          60x120 cm"', designer='J Asshoff/H Brogård', depth=0.0, height=103.0, width=66.0}
Products{id=245, item_id=80332473, name='SUFFLETT', category='Beds', price=85.0, old_price=0.0, sellable_online=true, link='https://www.ikea.com/sa/en/p/sufflett-bed-tent-green-80332473/', other_colors='No', short_description='"        Bed tent,          70/80/90"', designer='IKEA of Sweden', depth=0.0, height=80.0, width=0.0}
Products{id=246, item_id=39253176, name='STUVA / FRITIDS', category='Beds', price=995.0, old_price=0.0, sellable_online=true, link='https://www.ikea.com/sa/en/p/stuva-fritids-cot-with-drawers-light-blue-s39253176/', other_colors='No', short_description='"        Cot with drawers,          60x120 cm"', designer='Ebba Strandmark', depth=0.0, height=86.0, width=66.0}
Products{id=247, item_id=69297471, name='FLOTTEBO', category='Beds', price=1996.0, old_price=0.0, sellable_online=true, link='https://www.ikea.com/sa/en/p/flottebo-sofa-bed-vissle-purple-s69297471/', other_colors='Yes', short_description='"        Sofa-bed,          120 cm"', designer='C Halskov/H Dalsgaard', depth=120.0, height=79.0, width=200.0}
Products{id=248, item_id=39266094, name='LIDHULT', category='Beds', price=5840.0, old_price=0.0, sellable_online=true, link='https://www.ikea.com/sa/en/p/lidhult-3-seat-sofa-bed-with-chaise-longue-lejde-grey-black-s39266094/', other_colors='Yes', short_description='        3-seat sofa-bed', designer='IKEA of Sweden/Henrik Preutz', depth=164.0, height=102.0, width=298.0}
Products{id=249, item_id=89149936, name='LYCKSELE HÅVET', category='Beds', price=1645.0, old_price=0.0, sellable_online=true, link='https://www.ikea.com/sa/en/p/lycksele-havet-two-seat-sofa-bed-vallarum-grey-s89149936/', other_colors='Yes', short_description='        Two-seat sofa-bed', designer='IKEA of Sweden', depth=100.0, height=87.0, width=142.0}
Products{id=250, item_id=39277196, name='GRÖNLID', category='Beds', price=3145.0, old_price=0.0, sellable_online=true, link='https://www.ikea.com/sa/en/p/groenlid-2-seat-sofa-bed-section-ljungen-dark-red-s39277196/', other_colors='Yes', short_description='        2-seat sofa-bed section', designer='IKEA of Sweden/Francis Cayouette/Ehlén Johansson', depth=98.0, height=104.0, width=160.0}
Products{id=251, item_id=59266074, name='LIDHULT', category='Beds', price=7873.0, old_price=0.0, sellable_online=true, link='https://www.ikea.com/sa/en/p/lidhult-3-seat-sofa-bed-with-chaise-longue-grann-bomstad-dark-brown-s59266074/', other_colors='No', short_description='        3-seat sofa-bed', designer='Henrik Preutz/IKEA of Sweden', depth=164.0, height=102.0, width=298.0}
Products{id=252, item_id=39180566, name='STUVA / FÖLJA', category='Beds', price=985.0, old_price=0.0, sellable_online=true, link='https://www.ikea.com/sa/en/p/stuva-foelja-cot-with-drawers-white-s39180566/', other_colors='No', short_description='"        Cot with drawers,          60x120 cm"', designer='Ebba Strandmark', depth=0.0, height=86.0, width=66.0}
Products{id=253, item_id=39266008, name='LIDHULT', category='Beds', price=5553.0, old_price=0.0, sellable_online=true, link='https://www.ikea.com/sa/en/p/lidhult-2-seat-sofa-bed-grann-bomstad-dark-brown-s39266008/', other_colors='No', short_description='        2-seat sofa-bed', designer='IKEA of Sweden/Henrik Preutz', depth=98.0, height=102.0, width=208.0}
Products{id=254, item_id=49253185, name='STUVA / FRITIDS', category='Beds', price=995.0, old_price=0.0, sellable_online=true, link='https://www.ikea.com/sa/en/p/stuva-fritids-cot-with-drawers-red-s49253185/', other_colors='No', short_description='"        Cot with drawers,          60x120 cm"', designer='Ebba Strandmark', depth=0.0, height=86.0, width=66.0}