Products{id=1948, item_id=69898415, name='TÄRNÖ', category='Outdoor furniture', price=199.0, old_price=0.0, sellable_online=true, link='https://www.ikea.com/sa/en/p/taernoe-table-2-chairs-outdoor-black-acacia-grey-brown-stained-steel-light-brown-stained-s69898415/', other_colors='Yes', short_description='"        Table+2 chairs, outdoor"', designer='IKEA of Sweden', depth=0.0, height=0.0, width=0.0}
Products{id=1949, item_id=49048425, name='GÅRÖ / FREDÖN', category='Outdoor furniture', price=564.0, old_price=0.0, sellable_online=true, link='https://www.ikea.com/sa/en/p/garoe-fredoen-hammock-with-stand-grey-beige-s49048425/', other_colors='No', short_description='        Hammock with stand', designer='IKEA of Sweden', depth=0.0, height=129.0, width=119.0}
Products{id=1950, item_id=19217863, name='FALHOLMEN', category='Outdoor furniture', price=1431.0, old_price=0.0, sellable_online=true, link='https://www.ikea.com/sa/en/p/falholmen-table-4-chairs-w-armrests-outdoor-grey-brown-light-brown-stained-ytteroen-blue-s19217863/', other_colors='Yes', short_description='"        Table+4 chairs w armrests, outdoor"', designer='IKEA of Sweden/Andreas Fredriksson', depth=0.0, height=0.0, width=0.0}
Products{id=1951, item_id=80213446, name='ÄPPLARÖ', category='Outdoor furniture', price=205.0, old_price=0.0, sellable_online=true, link='https://www.ikea.com/sa/en/p/aepplaroe-table-stool-section-outdoor-brown-stained-brown-80213446/', other_colors='No', short_description='"        Table/stool section, outdoor,          63x63 cm"', designer='K Hagberg/M Hagberg', depth=0.0, height=28.0, width=63.0}
Products{id=1952, item_id=80208529, name='ÄPPLARÖ', category='Outdoor furniture', price=445.0, old_price=0.0, sellable_online=true, link='https://www.ikea.com/sa/en/p/aepplaroe-bench-with-backrest-outdoor-brown-stained-brown-80208529/', other_colors='No', short_description='"        Bench with backrest, outdoor"', designer='K Hagberg/M Hagberg', depth=65.0, height=80.0, width=117.0}
Products{id=1953, item_id=19217518, name='MASTHOLMEN', category='Outdoor furniture', price=984.0, old_price=0.0, sellable_online=true, link='https://www.ikea.com/sa/en/p/mastholmen-2-seat-conversation-set-outdoor-rattan-s19217518/', other_colors='No', short_description='"        2-seat conversation set, outdoor"', designer='Nike Karlsson', depth=0.0, height=0.0, width=0.0}
Products{id=1954, item_id=29289821, name='ÄPPLARÖ', category='Outdoor furniture', price=3442.0, old_price=0.0, sellable_online=true, link='https://www.ikea.com/sa/en/p/aepplaroe-table-6-chairs-armr-bench-outdoor-brown-stained-ytteroen-blue-s29289821/', other_colors='Yes', short_description='"        Table+6 chairs armr+bench, outdoor"', designer='IKEA of Sweden/K Hagberg/M Hagberg', depth=0.0, height=0.0, width=0.0}
Products{id=1955, item_id=10411440, name='TOSTERÖ', category='Outdoor furniture', price=175.0, old_price=0.0, sellable_online=true, link='https://www.ikea.com/sa/en/p/tosteroe-storage-box-outdoor-black-10411440/', other_colors='No', short_description='"        Storage box, outdoor,          129x44x79 cm"', designer='"104.114.40 This waterproof storage box protects your outdoor pads and cushions from rain, sun, dirt, dust and pollen and helps you keep them organised when they’re not being used.Protecting your outdoor pads and cushions in a waterproof storage box is a simple and effective way to make them look new and fresh longer.The colour stays fresh for longer as the fabric is fade resistant. Handles make it easy to move.Make sure the cushions are completely dry before storing them away in the storage box.During the off-season, store the box filled with cushions in a cool dry place indoors.The storage box is light in weight, so you may need to fill it to keep it from moving around in the wind.For example, the storage box can be filled with 3 seat cushions and 3 back cushions for outdoor sofas and 4 decorative cushions.For example, the storage box can be filled with 6 seat/back cushions and 6 decorative cushions.For example, the storage box can be filled with 2 seat cushions and 2 back cushions for outdoor sofas, 2 chair cushions for armchairs and 2-4 decorative cushions."', depth=44.0, height=79.0, width=129.0}
Products{id=1956, item_id=49054015, name='ÄPPLARÖ', category='Outdoor furniture', price=384.0, old_price=0.0, sellable_online=true, link='https://www.ikea.com/sa/en/p/aepplaroe-wall-panel-gate-leg-table-outdoor-brown-stained-s49054015/', other_colors='No', short_description='"        Wall panel+gate-leg table, outdoor,          80x62x158 cm"', designer='K Hagberg/M Hagberg', depth=62.0, height=158.0, width=80.0}
Products{id=1957, item_id=40332682, name='BROMMÖ', category='Outdoor furniture', price=205.0, old_price=0.0, sellable_online=true, link='https://www.ikea.com/sa/en/p/brommoe-lounger-outdoor-black-brown-stained-brown-40332682/', other_colors='No', short_description='"        Lounger, outdoor"', designer='IKEA of Sweden', depth=92.0, height=89.0, width=48.0}
Products{id=1958, item_id=79183681, name='ÄPPLARÖ', category='Outdoor furniture', price=1786.0, old_price=0.0, sellable_online=true, link='https://www.ikea.com/sa/en/p/aepplaroe-table-2-chrs-w-armr-bench-brown-stained-ytteroen-blue-s79183681/', other_colors='Yes', short_description='        Table+2 chrs w armr+bench', designer='K Hagberg/M Hagberg/IKEA of Sweden', depth=0.0, height=0.0, width=0.0}
Products{id=1959, item_id=80287362, name='FREDÖN', category='Outdoor furniture', price=225.0, old_price=0.0, sellable_online=true, link='https://www.ikea.com/sa/en/p/fredoen-hammock-beige-80287362/', other_colors='No', short_description='        Hammock', designer='IKEA of Sweden', depth=0.0, height=0.0, width=100.0}
Products{id=1960, item_id=70228325, name='RESÖ', category='Outdoor furniture', price=205.0, old_price=0.0, sellable_online=true, link='https://www.ikea.com/sa/en/p/resoe-childrens-picnic-table-grey-brown-stained-grey-brown-70228325/', other_colors='No', short_description='        Children's picnic table', designer='IKEA of Sweden', depth=0.0, height=49.0, width=89.0}
Products{id=1961, item_id=20204925, name='ÄPPLARÖ', category='Outdoor furniture', price=99.0, old_price=0.0, sellable_online=true, link='https://www.ikea.com/sa/en/p/aepplaroe-stool-outdoor-foldable-brown-stained-20204925/', other_colors='No', short_description='"        Stool, outdoor"', designer='K Hagberg/M Hagberg', depth=38.0, height=42.0, width=40.0}
Products{id=1962, item_id=99262168, name='ÄPPLARÖ', category='Outdoor furniture', price=2576.0, old_price=0.0, sellable_online=true, link='https://www.ikea.com/sa/en/p/aepplaroe-modular-corner-sofa-3-seat-outdoor-brown-stained-froesoen-duvholmen-dark-grey-s99262168/', other_colors='Yes', short_description='"        Modular corner sofa 3-seat, outdoor,          143/223x80x84 cm"', designer='Eva Lilja Löwenhielm/K Hagberg/M Hagberg/IKEA of Sweden', depth=80.0, height=84.0, width=223.0}
Products{id=1963, item_id=39291418, name='ÄPPLARÖ', category='Outdoor furniture', price=841.0, old_price=0.0, sellable_online=true, link='https://www.ikea.com/sa/en/p/aepplaroe-wall-panel-gatleg-table-2-chairs-brown-stained-kuddarna-grey-s39291418/', other_colors='Yes', short_description='        Wall panel+gatleg table+2 chairs', designer='K Hagberg/M Hagberg/IKEA of Sweden', depth=0.0, height=0.0, width=0.0}
Products{id=1964, item_id=324561, name='TOSTERÖ', category='Outdoor furniture', price=79.0, old_price=0.0, sellable_online=true, link='https://www.ikea.com/sa/en/p/tosteroe-parasol-cover-black-00324561/', other_colors='No', short_description='"        Parasol cover,          220 cm"', designer='IKEA of Sweden', depth=0.0, height=0.0, width=0.0}
Products{id=1965, item_id=49275903, name='ÄPPLARÖ', category='Outdoor furniture', price=2781.0, old_price=0.0, sellable_online=true, link='https://www.ikea.com/sa/en/p/aepplaroe-4-seat-conversation-set-outdoor-brown-stained-froesoen-duvholmen-dark-grey-s49275903/', other_colors='Yes', short_description='"        4-seat conversation set, outdoor"', designer='Eva Lilja Löwenhielm/IKEA of Sweden/K Hagberg/M Hagberg', depth=0.0, height=0.0, width=0.0}
Products{id=1966, item_id=39251993, name='HAVSTEN', category='Outdoor furniture', price=950.0, old_price=0.0, sellable_online=true, link='https://www.ikea.com/sa/en/p/havsten-add-on-unit-in-outdoor-beige-s39251993/', other_colors='No', short_description='"        Add-on unit, in/outdoor,          83x94x90 cm"', designer='Andreas Fredriksson', depth=94.0, height=90.0, width=83.0}
Products{id=1967, item_id=80336466, name='KROKHOLMEN', category='Outdoor furniture', price=175.0, old_price=0.0, sellable_online=true, link='https://www.ikea.com/sa/en/p/krokholmen-coffee-table-outdoor-beige-80336466/', other_colors='No', short_description='"        Coffee table, outdoor"', designer='Marcus Arvonen', depth=0.0, height=44.0, width=0.0}
Products{id=1968, item_id=20208527, name='ÄPPLARÖ', category='Outdoor furniture', price=255.0, old_price=0.0, sellable_online=true, link='https://www.ikea.com/sa/en/p/aepplaroe-chair-with-armrests-outdoor-brown-stained-brown-20208527/', other_colors='No', short_description='"        Chair with armrests, outdoor"', designer='K Hagberg/M Hagberg', depth=65.0, height=82.0, width=62.0}
Products{id=1969, item_id=50313094, name='FALHOLMEN', category='Outdoor furniture', price=155.0, old_price=0.0, sellable_online=true, link='https://www.ikea.com/sa/en/p/falholmen-chair-with-armrests-outdoor-grey-brown-stained-light-brown-stained-50313094/', other_colors='No', short_description='"        Chair with armrests, outdoor"', designer='Andreas Fredriksson', depth=55.0, height=80.0, width=57.0}
Products{id=1970, item_id=10205181, name='ÄPPLARÖ', category='Outdoor furniture', price=255.0, old_price=0.0, sellable_online=true, link='https://www.ikea.com/sa/en/p/aepplaroe-bench-outdoor-brown-stained-brown-10205181/', other_colors='No', short_description='"        Bench, outdoor,          114 cm"', designer='K Hagberg/M Hagberg', depth=41.0, height=44.0, width=114.0}
Products{id=1971, item_id=49256867, name='SOLLERÖN', category='Outdoor furniture', price=4783.0, old_price=0.0, sellable_online=true, link='https://www.ikea.com/sa/en/p/solleroen-4-seat-conversation-set-outdoor-brown-froesoen-duvholmen-beige-s49256867/', other_colors='Yes', short_description='"        4-seat conversation set, outdoor"', designer='Jonas Hultqvist/IKEA of Sweden/Eva Lilja Löwenhielm', depth=0.0, height=0.0, width=0.0}
Products{id=1972, item_id=90208543, name='ÄPPLARÖ', category='Outdoor furniture', price=519.0, old_price=0.0, sellable_online=true, link='https://www.ikea.com/sa/en/p/aepplaroe-sun-lounger-brown-stained-brown-90208543/', other_colors='No', short_description='        Sun lounger', designer='K Hagberg/M Hagberg', depth=0.0, height=33.0, width=71.0}
Products{id=1973, item_id=59048415, name='VÄDDÖ', category='Outdoor furniture', price=477.0, old_price=0.0, sellable_online=true, link='https://www.ikea.com/sa/en/p/vaeddoe-table-4-chairs-outdoor-white-s59048415/', other_colors='No', short_description='"        Table+4 chairs, outdoor"', designer='Henrik Preutz', depth=0.0, height=0.0, width=0.0}
Products{id=1974, item_id=30264565, name='HÅLLÖ', category='Outdoor furniture', price=245.0, old_price=0.0, sellable_online=true, link='https://www.ikea.com/sa/en/p/halloe-sun-lounger-pad-black-30264565/', other_colors='No', short_description='"        Sun lounger pad,          190x60 cm"', designer='IKEA of Sweden', depth=0.0, height=0.0, width=60.0}
Products{id=1975, item_id=401941, name='SJÄLLAND', category='Outdoor furniture', price=180.0, old_price=0.0, sellable_online=true, link='https://www.ikea.com/sa/en/p/sjaelland-table-top-light-brown-00401941/', other_colors='Yes', short_description='"        Table top,          67x67 cm"', designer='David Wahl', depth=0.0, height=0.0, width=67.0}
Products{id=1976, item_id=50339206, name='MASTHOLMEN', category='Outdoor furniture', price=465.0, old_price=0.0, sellable_online=true, link='https://www.ikea.com/sa/en/p/mastholmen-armchair-outdoor-50339206/', other_colors='No', short_description='"        Armchair, outdoor"', designer='Nike Karlsson', depth=67.0, height=80.0, width=68.0}
Products{id=1977, item_id=39286153, name='ASKHOLMEN', category='Outdoor furniture', price=465.0, old_price=0.0, sellable_online=true, link='https://www.ikea.com/sa/en/p/askholmen-table-2-chairs-outdoor-grey-brown-stained-kuddarna-beige-s39286153/', other_colors='Yes', short_description='"        Table+2 chairs, outdoor"', designer='IKEA of Sweden', depth=0.0, height=0.0, width=0.0}
Products{id=1978, item_id=19212182, name='ASKHOLMEN', category='Outdoor furniture', price=771.0, old_price=0.0, sellable_online=true, link='https://www.ikea.com/sa/en/p/askholmen-table-4-chairs-outdoor-grey-brown-stained-s19212182/', other_colors='Yes', short_description='"        Table+4 chairs, outdoor"', designer='IKEA of Sweden', depth=0.0, height=0.0, width=0.0}
Products{id=1979, item_id=20411425, name='STACKHOLMEN', category='Outdoor furniture', price=125.0, old_price=0.0, sellable_online=true, link='https://www.ikea.com/sa/en/p/stackholmen-stool-outdoor-light-brown-stained-20411425/', other_colors='No', short_description='"        Stool, outdoor,          48x35x43 cm"', designer='Ola Wihlborg', depth=0.0, height=43.0, width=35.0}
Products{id=1980, item_id=70208539, name='ÄPPLARÖ', category='Outdoor furniture', price=275.0, old_price=0.0, sellable_online=true, link='https://www.ikea.com/sa/en/p/aepplaroe-reclining-chair-outdoor-brown-foldable-brown-stained-brown-70208539/', other_colors='No', short_description='"        Reclining chair, outdoor"', designer='K Hagberg/M Hagberg', depth=80.0, height=101.0, width=63.0}
Products{id=1981, item_id=50208535, name='ÄPPLARÖ', category='Outdoor furniture', price=395.0, old_price=0.0, sellable_online=true, link='https://www.ikea.com/sa/en/p/aepplaroe-gateleg-table-outdoor-brown-stained-brown-50208535/', other_colors='No', short_description='"        Gateleg table, outdoor,          20/77/133x62 cm"', designer='K Hagberg/M Hagberg', depth=0.0, height=71.0, width=62.0}
Products{id=1982, item_id=39251988, name='HAVSTEN', category='Outdoor furniture', price=4785.0, old_price=0.0, sellable_online=true, link='https://www.ikea.com/sa/en/p/havsten-4-seat-conversation-set-in-outdoor-beige-s39251988/', other_colors='No', short_description='"        4-seat conversation set, in/outdoor"', designer='Marcus Arvonen/Andreas Fredriksson', depth=0.0, height=0.0, width=0.0}
Products{id=1983, item_id=29267334, name='ÄPPLARÖ', category='Outdoor furniture', price=2384.0, old_price=0.0, sellable_online=true, link='https://www.ikea.com/sa/en/p/aepplaroe-3-seat-modular-sofa-outdoor-with-footstool-brown-stained-brown-stained-froesoen-duvholmen-beige-s29267334/', other_colors='Yes', short_description='"        3-seat modular sofa, outdoor,          143/223x80x84 cm"', designer='IKEA of Sweden/Eva Lilja Löwenhielm/K Hagberg/M Hagberg', depth=80.0, height=84.0, width=223.0}
Products{id=1984, item_id=70419787, name='ÄPPLARÖ', category='Outdoor furniture', price=675.0, old_price=0.0, sellable_online=true, link='https://www.ikea.com/sa/en/p/aepplaroe-table-outdoor-brown-stained-70419787/', other_colors='No', short_description='"        Table, outdoor,          140x140 cm"', designer='K Hagberg/M Hagberg', depth=0.0, height=72.0, width=140.0}
Products{id=1985, item_id=50285265, name='TOSTERÖ', category='Outdoor furniture', price=103.0, old_price=0.0, sellable_online=true, link='https://www.ikea.com/sa/en/p/tosteroe-cover-for-furniture-set-black-50285265/', other_colors='Yes', short_description='"        Cover for furniture set,          100x70 cm"', designer='IKEA of Sweden', depth=0.0, height=90.0, width=70.0}
Products{id=1986, item_id=9048413, name='VÄDDÖ', category='Outdoor furniture', price=261.0, old_price=0.0, sellable_online=true, link='https://www.ikea.com/sa/en/p/vaeddoe-table-2-chairs-outdoor-white-s09048413/', other_colors='No', short_description='"        Table+2 chairs, outdoor"', designer='Henrik Preutz', depth=0.0, height=0.0, width=0.0}
Products{id=1987, item_id=40208531, name='ÄPPLARÖ', category='Outdoor furniture', price=745.0, old_price=0.0, sellable_online=true, link='https://www.ikea.com/sa/en/p/aepplaroe-drop-leaf-table-outdoor-brown-stained-brown-40208531/', other_colors='No', short_description='"        Drop-leaf table, outdoor,          140/200/260x78 cm"', designer='K Hagberg/M Hagberg', depth=0.0, height=72.0, width=78.0}
Products{id=1988, item_id=59289424, name='ÄPPLARÖ', category='Outdoor furniture', price=1961.0, old_price=0.0, sellable_online=true, link='https://www.ikea.com/sa/en/p/aepplaroe-table-4-chairs-w-armrests-outdoor-brown-stained-kuddarna-grey-s59289424/', other_colors='Yes', short_description='"        Table+4 chairs w armrests, outdoor"', designer='IKEA of Sweden/K Hagberg/M Hagberg', depth=0.0, height=0.0, width=0.0}
Products{id=1989, item_id=70095429, name='TÄRNÖ', category='Outdoor furniture', price=89.0, old_price=0.0, sellable_online=true, link='https://www.ikea.com/sa/en/p/taernoe-table-outdoor-black-acacia-grey-brown-stained-steel-light-brown-stained-70095429/', other_colors='No', short_description='"        Table, outdoor,          55x54 cm"', designer='IKEA of Sweden', depth=0.0, height=70.0, width=54.0}
Products{id=1990, item_id=10337817, name='ASKHOLMEN', category='Outdoor furniture', price=255.0, old_price=0.0, sellable_online=true, link='https://www.ikea.com/sa/en/p/askholmen-table-outdoor-foldable-light-brown-light-brown-stained-grey-brown-stained-10337817/', other_colors='No', short_description='"        Table, outdoor,          112x62 cm"', designer='IKEA of Sweden', depth=0.0, height=73.0, width=62.0}
Products{id=1991, item_id=70234185, name='SKARPÖ', category='Outdoor furniture', price=179.0, old_price=0.0, sellable_online=true, link='https://www.ikea.com/sa/en/p/skarpoe-armchair-outdoor-white-70234185/', other_colors='No', short_description='"        Armchair, outdoor"', designer='Magnus Elebäck', depth=81.0, height=71.0, width=79.0}
Products{id=1992, item_id=90339742, name='MASTHOLMEN', category='Outdoor furniture', price=255.0, old_price=0.0, sellable_online=true, link='https://www.ikea.com/sa/en/p/mastholmen-coffee-table-outdoor-90339742/', other_colors='No', short_description='"        Coffee table, outdoor,          68 cm"', designer='Nike Karlsson', depth=0.0, height=45.0, width=0.0}
Products{id=1993, item_id=90336550, name='BENÖ', category='Outdoor furniture', price=9.0, old_price=0.0, sellable_online=true, link='https://www.ikea.com/sa/en/p/benoe-chair-pad-outdoor-90336550/', other_colors='No', short_description='"        Chair pad, outdoor,          35 cm"', designer='Paulin Machado', depth=0.0, height=0.0, width=0.0}
Products{id=1994, item_id=90095428, name='TÄRNÖ', category='Outdoor furniture', price=55.0, old_price=0.0, sellable_online=true, link='https://www.ikea.com/sa/en/p/taernoe-chair-outdoor-acacia-foldable-black-grey-brown-stained-steel-light-brown-stained-90095428/', other_colors='No', short_description='"        Chair, outdoor"', designer='IKEA of Sweden', depth=40.0, height=79.0, width=39.0}
Products{id=1995, item_id=80373618, name='SOLLERÖN', category='Outdoor furniture', price=395.0, old_price=0.0, sellable_online=true, link='https://www.ikea.com/sa/en/p/solleroen-coffee-table-outdoor-anthracite-brown-80373618/', other_colors='Yes', short_description='"        Coffee table, outdoor,          92x62 cm"', designer='Jonas Hultqvist', depth=0.0, height=51.0, width=62.0}
Products{id=1996, item_id=59268775, name='ÄPPLARÖ', category='Outdoor furniture', price=4145.0, old_price=0.0, sellable_online=true, link='https://www.ikea.com/sa/en/p/aepplaroe-table-8-reclining-chairs-outdoor-brown-stained-froesoen-duvholmen-beige-s59268775/', other_colors='Yes', short_description='"        Table+8 reclining chairs, outdoor"', designer='Eva Lilja Löwenhielm/K Hagberg/M Hagberg/IKEA of Sweden', depth=0.0, height=0.0, width=0.0}
Products{id=1997, item_id=80291731, name='ÄPPLARÖ', category='Outdoor furniture', price=205.0, old_price=0.0, sellable_online=true, link='https://www.ikea.com/sa/en/p/aepplaroe-gateleg-table-for-wall-outdoor-brown-stained-80291731/', other_colors='No', short_description='"        Gateleg table for wall, outdoor,          80x56 cm"', designer='K Hagberg/M Hagberg', depth=0.0, height=72.0, width=56.0}
Products{id=1998, item_id=9289737, name='ÄPPLARÖ', category='Outdoor furniture', price=2965.0, old_price=0.0, sellable_online=true, link='https://www.ikea.com/sa/en/p/aepplaroe-table-6-reclining-chairs-outdoor-brown-stained-kuddarna-grey-s09289737/', other_colors='Yes', short_description='"        Table+6 reclining chairs, outdoor"', designer='K Hagberg/M Hagberg/IKEA of Sweden', depth=0.0, height=0.0, width=0.0}
Products{id=1999, item_id=89260075, name='ÄPPLARÖ', category='Outdoor furniture', price=2034.0, old_price=0.0, sellable_online=true, link='https://www.ikea.com/sa/en/p/aepplaroe-3-seat-modular-sofa-outdoor-brown-stained-froesoen-duvholmen-beige-s89260075/', other_colors='Yes', short_description='"        3-seat modular sofa, outdoor,          223x80x84 cm"', designer='IKEA of Sweden/Eva Lilja Löwenhielm/K Hagberg/M Hagberg', depth=80.0, height=84.0, width=223.0}
Products{id=2000, item_id=19216689, name='MASTHOLMEN', category='Outdoor furniture', price=2115.0, old_price=0.0, sellable_online=true, link='https://www.ikea.com/sa/en/p/mastholmen-4-seat-conversation-set-outdoor-rattan-s19216689/', other_colors='No', short_description='"        4-seat conversation set, outdoor"', designer='Nike Karlsson', depth=0.0, height=0.0, width=0.0}
Products{id=2001, item_id=39289811, name='ÄPPLARÖ', category='Outdoor furniture', price=2875.0, old_price=0.0, sellable_online=true, link='https://www.ikea.com/sa/en/p/aepplaroe-table-8-reclining-chairs-outdoor-brown-stained-s39289811/', other_colors='Yes', short_description='        Table+8 reclining chairs', designer='K Hagberg/M Hagberg', depth=0.0, height=0.0, width=0.0}
Products{id=2002, item_id=40411047, name='KUDDARNA', category='Outdoor furniture', price=45.0, old_price=0.0, sellable_online=true, link='https://www.ikea.com/sa/en/p/kuddarna-back-cushion-outdoor-beige-40411047/', other_colors='No', short_description='"        Back cushion, outdoor,          62x44 cm"', designer='IKEA of Sweden', depth=0.0, height=0.0, width=62.0}
Products{id=2003, item_id=70267133, name='VÄDDÖ', category='Outdoor furniture', price=35.4, old_price=0.0, sellable_online=true, link='https://www.ikea.com/sa/en/p/vaeddoe-stool-outdoor-white-70267133/', other_colors='No', short_description='"        Stool, outdoor"', designer='Henrik Preutz', depth=33.0, height=46.0, width=36.0}
Products{id=2004, item_id=50312424, name='INNAMO', category='Outdoor furniture', price=107.4, old_price=0.0, sellable_online=true, link='https://www.ikea.com/sa/en/p/innamo-chair-with-armrests-outdoor-white-50312424/', other_colors='No', short_description='"        Chair with armrests, outdoor"', designer='IKEA of Sweden', depth=68.0, height=93.0, width=54.0}
Products{id=2005, item_id=60205188, name='ÄPPLARÖ', category='Outdoor furniture', price=309.0, old_price=0.0, sellable_online=true, link='https://www.ikea.com/sa/en/p/aepplaroe-one-seat-section-outdoor-brown-stained-brown-60205188/', other_colors='No', short_description='"        One-seat section, outdoor"', designer='K Hagberg/M Hagberg', depth=80.0, height=73.0, width=63.0}
Products{id=2006, item_id=60409821, name='TOSTERÖ', category='Outdoor furniture', price=75.0, old_price=0.0, sellable_online=true, link='https://www.ikea.com/sa/en/p/tosteroe-storage-bag-for-cushions-black-60409821/', other_colors='No', short_description='"        Storage bag for cushions,          62x62 cm"', designer='IKEA of Sweden', depth=0.0, height=25.0, width=62.0}
Products{id=2007, item_id=9183528, name='ASKHOLMEN', category='Outdoor furniture', price=467.0, old_price=0.0, sellable_online=true, link='https://www.ikea.com/sa/en/p/askholmen-table-f-wall-2-fold-chairs-outdoor-grey-brown-grey-brown-stained-ytteroen-blue-s09183528/', other_colors='Yes', short_description='"        Table f wall+2 fold chairs, outdoor"', designer='Jon Karlsson/IKEA of Sweden', depth=0.0, height=0.0, width=0.0}
Products{id=2008, item_id=40259511, name='VÄDDÖ', category='Outdoor furniture', price=111.0, old_price=0.0, sellable_online=true, link='https://www.ikea.com/sa/en/p/vaeddoe-table-outdoor-white-40259511/', other_colors='No', short_description='"        Table, outdoor,          58x74 cm"', designer='Henrik Preutz', depth=0.0, height=71.0, width=74.0}
Products{id=2009, item_id=49898435, name='LÄCKÖ', category='Outdoor furniture', price=493.0, old_price=0.0, sellable_online=true, link='https://www.ikea.com/sa/en/p/laeckoe-table-2-chairs-outdoor-grey-s49898435/', other_colors='No', short_description='"        Table+2 chairs, outdoor"', designer='Jon Karlsson', depth=0.0, height=0.0, width=0.0}
Products{id=2010, item_id=9227532, name='ÄPPLARÖ', category='Outdoor furniture', price=1588.0, old_price=0.0, sellable_online=true, link='https://www.ikea.com/sa/en/p/aepplaroe-2-seat-modular-sofa-outdoor-brown-stained-kungsoe-white-white-s09227532/', other_colors='Yes', short_description='"        2-seat modular sofa, outdoor,          160x80x73 cm"', designer='IKEA of Sweden/K Hagberg/M Hagberg', depth=80.0, height=73.0, width=160.0}
Products{id=2011, item_id=20292328, name='TOSTERÖ', category='Outdoor furniture', price=103.0, old_price=0.0, sellable_online=true, link='https://www.ikea.com/sa/en/p/tosteroe-storage-bag-for-cushions-black-20292328/', other_colors='No', short_description='"        Storage bag for cushions,          116x49 cm"', designer='IKEA of Sweden', depth=0.0, height=35.0, width=49.0}
Products{id=2012, item_id=10411143, name='KUDDARNA', category='Outdoor furniture', price=95.0, old_price=0.0, sellable_online=true, link='https://www.ikea.com/sa/en/p/kuddarna-seat-back-cushion-outdoor-grey-10411143/', other_colors='Yes', short_description='"        Seat/back cushion, outdoor,          116x45 cm"', designer='IKEA of Sweden', depth=0.0, height=0.0, width=45.0}
Products{id=2013, item_id=59292643, name='SJÄLLAND', category='Outdoor furniture', price=974.0, old_price=0.0, sellable_online=true, link='https://www.ikea.com/sa/en/p/sjaelland-table-2-chairs-w-armrests-outdoor-dark-grey-halloe-black-s59292643/', other_colors='Yes', short_description='"        Table+2 chairs w armrests, outdoor,          71x71x73 cm"', designer='David Wahl/IKEA of Sweden', depth=0.0, height=73.0, width=71.0}
Products{id=2014, item_id=50312909, name='BUSSAN', category='Outdoor furniture', price=525.0, old_price=0.0, sellable_online=true, link='https://www.ikea.com/sa/en/p/bussan-beanbag-in-outdoor-grey-50312909/', other_colors='No', short_description='"        Beanbag, in/outdoor"', designer='Anna Efverlund', depth=0.0, height=0.0, width=67.0}
Products{id=2015, item_id=9290104, name='ÄPPLARÖ', category='Outdoor furniture', price=745.0, old_price=0.0, sellable_online=true, link='https://www.ikea.com/sa/en/p/aepplaroe-table-2-folding-chairs-outdoor-brown-stained-s09290104/', other_colors='Yes', short_description='"        Table+2 folding chairs, outdoor"', designer='K Hagberg/M Hagberg', depth=0.0, height=0.0, width=0.0}
Products{id=2016, item_id=80251513, name='GÅRÖ', category='Outdoor furniture', price=339.0, old_price=0.0, sellable_online=true, link='https://www.ikea.com/sa/en/p/garoe-hammock-stand-outdoor-grey-80251513/', other_colors='No', short_description='"        Hammock stand, outdoor"', designer='IKEA of Sweden', depth=0.0, height=129.0, width=119.0}
Products{id=2017, item_id=49251983, name='HAVSTEN', category='Outdoor furniture', price=2975.0, old_price=0.0, sellable_online=true, link='https://www.ikea.com/sa/en/p/havsten-3-seat-sofa-in-outdoor-with-open-end-without-armrests-beige-s49251983/', other_colors='No', short_description='"        3-seat sofa, in/outdoor,          245x94x90 cm"', designer='Andreas Fredriksson', depth=94.0, height=90.0, width=245.0}
Products{id=2018, item_id=79258271, name='KUNGSHOLMEN', category='Outdoor furniture', price=2792.8, old_price=0.0, sellable_online=true, link='https://www.ikea.com/sa/en/p/kungsholmen-modular-corner-sofa-3-seat-outdoor-black-brown-froesoen-duvholmen-beige-s79258271/', other_colors='Yes', short_description='"        Modular corner sofa 3-seat, outdoor"', designer='Eva Lilja Löwenhielm/IKEA of Sweden/Nike Karlsson', depth=80.0, height=90.0, width=222.0}
Products{id=2019, item_id=60240035, name='ASKHOLMEN', category='Outdoor furniture', price=149.0, old_price=0.0, sellable_online=true, link='https://www.ikea.com/sa/en/p/askholmen-table-outdoor-foldable-grey-brown-grey-brown-stained-light-brown-light-brown-stained-60240035/', other_colors='No', short_description='"        Table, outdoor,          60x62 cm"', designer='IKEA of Sweden', depth=0.0, height=73.0, width=60.0}
Products{id=2020, item_id=10255307, name='FEJAN', category='Outdoor furniture', price=59.0, old_price=0.0, sellable_online=true, link='https://www.ikea.com/sa/en/p/fejan-chair-outdoor-foldable-white-10255307/', other_colors='No', short_description='"        Chair, outdoor"', designer='K Hagberg/M Hagberg', depth=42.0, height=89.0, width=44.0}
Products{id=2021, item_id=89259963, name='ÄPPLARÖ', category='Outdoor furniture', price=542.0, old_price=0.0, sellable_online=true, link='https://www.ikea.com/sa/en/p/aepplaroe-easy-chair-outdoor-brown-stained-froesoen-duvholmen-dark-grey-s89259963/', other_colors='Yes', short_description='"        Easy chair, outdoor,          63x80x84 cm"', designer='IKEA of Sweden/Eva Lilja Löwenhielm/K Hagberg/M Hagberg', depth=80.0, height=84.0, width=63.0}
Products{id=2022, item_id=70391712, name='FRÖSÖN', category='Outdoor furniture', price=39.0, old_price=0.0, sellable_online=true, link='https://www.ikea.com/sa/en/p/froesoen-cover-for-back-cushion-outdoor-beige-70391712/', other_colors='Yes', short_description='"        Cover for back cushion,          62x44 cm"', designer='Eva Lilja Löwenhielm', depth=0.0, height=0.0, width=62.0}
Products{id=2023, item_id=40373615, name='SOLLERÖN', category='Outdoor furniture', price=345.0, old_price=0.0, sellable_online=true, link='https://www.ikea.com/sa/en/p/solleroen-stool-outdoor-brown-40373615/', other_colors='Yes', short_description='"        Stool, outdoor,          62x62 cm"', designer='Jonas Hultqvist', depth=0.0, height=32.0, width=62.0}
Products{id=2024, item_id=9221016, name='FANBYN', category='Outdoor furniture', price=295.0, old_price=0.0, sellable_online=true, link='https://www.ikea.com/sa/en/p/fanbyn-chair-with-armrests-s09221016/', other_colors='No', short_description='        Chair with armrests', designer='092.210.16 You sit comfortably thanks to the shaped back and armrests.Suitable for both indoor and outdoor use.', depth=0.0, height=0.0, width=0.0}
Products{id=2025, item_id=60357737, name='UTTER', category='Outdoor furniture', price=45.0, old_price=0.0, sellable_online=true, link='https://www.ikea.com/sa/en/p/utter-childrens-table-in-outdoor-white-60357737/', other_colors='No', short_description='        Children's table', designer='K Hagberg/M Hagberg', depth=0.0, height=43.0, width=42.0}
Products{id=2026, item_id=40413131, name='ÄPPLARÖ', category='Outdoor furniture', price=175.0, old_price=0.0, sellable_online=true, link='https://www.ikea.com/sa/en/p/aepplaroe-chair-outdoor-foldable-brown-stained-40413131/', other_colors='No', short_description='"        Chair, outdoor"', designer='K Hagberg/M Hagberg', depth=56.0, height=86.0, width=42.0}
Products{id=2027, item_id=10174641, name='IKEA PS VÅGÖ', category='Outdoor furniture', price=139.0, old_price=0.0, sellable_online=true, link='https://www.ikea.com/sa/en/p/ikea-ps-vagoe-easy-chair-outdoor-white-10174641/', other_colors='No', short_description='"        Easy chair, outdoor"', designer='Thomas Sandell', depth=92.0, height=71.0, width=74.0}
Products{id=2028, item_id=80321021, name='ASKHOLMEN', category='Outdoor furniture', price=155.0, old_price=0.0, sellable_online=true, link='https://www.ikea.com/sa/en/p/askholmen-table-for-wall-outdoor-folding-grey-brown-stained-light-brown-stained-light-brown-80321021/', other_colors='No', short_description='"        Table for wall, outdoor,          70x44 cm"', designer='Jon Karlsson', depth=0.0, height=71.0, width=44.0}
Products{id=2029, item_id=70418170, name='PRÄSTHOLM', category='Outdoor furniture', price=695.0, old_price=0.0, sellable_online=true, link='https://www.ikea.com/sa/en/p/praestholm-bench-with-backrest-outdoor-grey-70418170/', other_colors='No', short_description='"        Bench with backrest, outdoor"', designer='Ola Wihlborg', depth=52.0, height=79.0, width=113.0}
Products{id=2030, item_id=49252609, name='SOLLERÖN', category='Outdoor furniture', price=3746.0, old_price=0.0, sellable_online=true, link='https://www.ikea.com/sa/en/p/solleroen-modular-corner-sofa-3-seat-outdoor-brown-froesoen-duvholmen-beige-s49252609/', other_colors='Yes', short_description='"        Modular corner sofa 3-seat, outdoor"', designer='Jonas Hultqvist/IKEA of Sweden/Eva Lilja Löwenhielm', depth=82.0, height=88.0, width=225.0}
Products{id=2031, item_id=40411108, name='KUDDARNA', category='Outdoor furniture', price=75.0, old_price=0.0, sellable_online=true, link='https://www.ikea.com/sa/en/p/kuddarna-seat-cushion-outdoor-beige-40411108/', other_colors='No', short_description='"        Seat cushion, outdoor,          62x62 cm"', designer='IKEA of Sweden', depth=62.0, height=0.0, width=62.0}
Products{id=2032, item_id=20314698, name='YTTERÖN', category='Outdoor furniture', price=39.0, old_price=0.0, sellable_online=true, link='https://www.ikea.com/sa/en/p/ytteroen-chair-cushion-outdoor-blue-20314698/', other_colors='No', short_description='"        Chair cushion, outdoor,          40x40 cm"', designer='IKEA of Sweden', depth=40.0, height=0.0, width=40.0}
Products{id=2033, item_id=90313092, name='FALHOLMEN', category='Outdoor furniture', price=415.0, old_price=0.0, sellable_online=true, link='https://www.ikea.com/sa/en/p/falholmen-table-outdoor-grey-brown-stained-light-brown-stained-90313092/', other_colors='No', short_description='"        Table, outdoor,          153x73 cm"', designer='Andreas Fredriksson', depth=0.0, height=72.0, width=73.0}
Products{id=2034, item_id=40160478, name='LÄCKÖ', category='Outdoor furniture', price=149.0, old_price=0.0, sellable_online=true, link='https://www.ikea.com/sa/en/p/laeckoe-chair-with-armrests-outdoor-grey-40160478/', other_colors='No', short_description='"        Chair with armrests, outdoor"', designer='IKEA of Sweden', depth=60.0, height=82.0, width=56.0}
Products{id=2035, item_id=50267049, name='KUNGSHOLMEN', category='Outdoor furniture', price=311.4, old_price=0.0, sellable_online=true, link='https://www.ikea.com/sa/en/p/kungsholmen-one-seat-section-outdoor-black-brown-50267049/', other_colors='No', short_description='"        One-seat section, outdoor"', designer='Nike Karlsson', depth=80.0, height=73.0, width=62.0}
Products{id=2036, item_id=69291902, name='SJÄLLAND', category='Outdoor furniture', price=3286.0, old_price=0.0, sellable_online=true, link='https://www.ikea.com/sa/en/p/sjaelland-table-6-reclining-chairs-outdoor-light-brown-kuddarna-light-blue-s69291902/', other_colors='Yes', short_description='"        Table+6 reclining chairs, outdoor,          156x90 cm"', designer='IKEA of Sweden/David Wahl', depth=0.0, height=73.0, width=90.0}
Products{id=2037, item_id=40365371, name='MAMMUT', category='Outdoor furniture', price=59.0, old_price=0.0, sellable_online=true, link='https://www.ikea.com/sa/en/p/mammut-childrens-chair-in-outdoor-white-40365371/', other_colors='No', short_description='        Children's chair', designer='M Kjelstrup/A Östgaard', depth=36.0, height=67.0, width=39.0}
Products{id=2038, item_id=49228474, name='FANBYN', category='Outdoor furniture', price=275.0, old_price=0.0, sellable_online=true, link='https://www.ikea.com/sa/en/p/fanbyn-chair-s49228474/', other_colors='No', short_description='        Chair', designer='492.284.74 Suitable for both indoor and outdoor use.You sit comfortably thanks to the chair's shaped back and seat.', depth=0.0, height=0.0, width=0.0}
Products{id=2039, item_id=20411133, name='KUDDARNA', category='Outdoor furniture', price=95.0, old_price=0.0, sellable_online=true, link='https://www.ikea.com/sa/en/p/kuddarna-seat-back-cushion-outdoor-light-blue-20411133/', other_colors='No', short_description='"        Seat/back cushion, outdoor,          116x45 cm"', designer='IKEA of Sweden', depth=0.0, height=0.0, width=45.0}
Products{id=2040, item_id=70292321, name='TOSTERÖ', category='Outdoor furniture', price=103.0, old_price=0.0, sellable_online=true, link='https://www.ikea.com/sa/en/p/tosteroe-cover-for-sun-lounger-black-70292321/', other_colors='No', short_description='"        Cover for sun lounger,          200x60 cm"', designer='IKEA of Sweden', depth=0.0, height=40.0, width=60.0}
Products{id=2041, item_id=50401986, name='SJÄLLAND', category='Outdoor furniture', price=316.0, old_price=0.0, sellable_online=true, link='https://www.ikea.com/sa/en/p/sjaelland-bench-outdoor-light-grey-light-brown-50401986/', other_colors='No', short_description='"        Bench, outdoor,          136 cm"', designer='David Wahl', depth=42.0, height=52.0, width=136.0}
Products{id=2042, item_id=70410744, name='HUSARÖ', category='Outdoor furniture', price=245.0, old_price=0.0, sellable_online=true, link='https://www.ikea.com/sa/en/p/husaroe-side-table-outdoor-dark-grey-70410744/', other_colors='No', short_description='"        Side table, outdoor,          49x49 cm"', designer='Ola Wihlborg', depth=0.0, height=73.0, width=49.0}
Products{id=2043, item_id=40151841, name='LÄCKÖ', category='Outdoor furniture', price=195.0, old_price=0.0, sellable_online=true, link='https://www.ikea.com/sa/en/p/laeckoe-table-outdoor-grey-40151841/', other_colors='No', short_description='"        Table, outdoor,          70 cm"', designer='Jon Karlsson', depth=0.0, height=71.0, width=0.0}
Products{id=2044, item_id=19241472, name='SOLLERÖN', category='Outdoor furniture', price=5144.0, old_price=0.0, sellable_online=true, link='https://www.ikea.com/sa/en/p/solleroen-modular-corner-sofa-4-seat-outdoor-with-footstool-brown-brown-kungsoe-white-s19241472/', other_colors='Yes', short_description='"        Modular corner sofa 4-seat, outdoor"', designer='IKEA of Sweden/Jonas Hultqvist', depth=144.0, height=87.0, width=287.0}
Products{id=2045, item_id=39252704, name='SOLLERÖN', category='Outdoor furniture', price=3206.0, old_price=0.0, sellable_online=true, link='https://www.ikea.com/sa/en/p/solleroen-3-seat-modular-sofa-outdoor-with-footstool-brown-brown-froesoen-duvholmen-dark-grey-s39252704/', other_colors='Yes', short_description='"        3-seat modular sofa, outdoor,          223x144x88 cm"', designer='Eva Lilja Löwenhielm/Jonas Hultqvist/IKEA of Sweden', depth=144.0, height=88.0, width=223.0}
Products{id=2046, item_id=20382324, name='MAMMUT', category='Outdoor furniture', price=29.0, old_price=0.0, sellable_online=true, link='https://www.ikea.com/sa/en/p/mammut-childrens-stool-in-outdoor-yellow-20382324/', other_colors='No', short_description='        Children's stool', designer='M Kjelstrup/A Östgaard', depth=0.0, height=0.0, width=35.0}
Products{id=2047, item_id=80259514, name='VÄDDÖ', category='Outdoor furniture', price=177.0, old_price=0.0, sellable_online=true, link='https://www.ikea.com/sa/en/p/vaeddoe-table-outdoor-white-80259514/', other_colors='No', short_description='"        Table, outdoor,          116x74 cm"', designer='Henrik Preutz', depth=0.0, height=71.0, width=74.0}
Products{id=2048, item_id=60391717, name='FRÖSÖN', category='Outdoor furniture', price=17.4, old_price=0.0, sellable_online=true, link='https://www.ikea.com/sa/en/p/froesoen-cover-for-chair-cushion-outdoor-dark-grey-60391717/', other_colors='Yes', short_description='"        Cover for chair cushion,          44x44 cm"', designer='Eva Lilja Löwenhielm', depth=44.0, height=0.0, width=44.0}
Products{id=2049, item_id=19265203, name='SJÄLLAND', category='Outdoor furniture', price=2196.0, old_price=0.0, sellable_online=true, link='https://www.ikea.com/sa/en/p/sjaelland-table-6-chairs-w-armrests-outdoor-dark-grey-light-grey-s19265203/', other_colors='Yes', short_description='"        Table+6 chairs w armrests, outdoor,          156x90 cm"', designer='David Wahl', depth=0.0, height=73.0, width=90.0}
Products{id=2050, item_id=30411415, name='SVANÖ', category='Outdoor furniture', price=495.0, old_price=0.0, sellable_online=true, link='https://www.ikea.com/sa/en/p/svanoe-arbor-bench-grey-30411415/', other_colors='No', short_description='"        Arbor bench,          119x48 cm"', designer='Mikael Axelsson', depth=48.0, height=179.0, width=119.0}
Products{id=2051, item_id=39053931, name='ÄPPLARÖ', category='Outdoor furniture', price=1445.0, old_price=0.0, sellable_online=true, link='https://www.ikea.com/sa/en/p/aepplaroe-table-2-benches-outdoor-brown-stained-s39053931/', other_colors='No', short_description='"        Table+2 benches, outdoor"', designer='K Hagberg/M Hagberg', depth=0.0, height=0.0, width=0.0}
Products{id=2052, item_id=20312326, name='TORHOLMEN', category='Outdoor furniture', price=785.0, old_price=0.0, sellable_online=true, link='https://www.ikea.com/sa/en/p/torholmen-sun-lounger-grey-20312326/', other_colors='No', short_description='        Sun lounger', designer='Andreas Fredriksson', depth=0.0, height=47.0, width=70.0}
Products{id=2053, item_id=50205179, name='ÄPPLARÖ', category='Outdoor furniture', price=425.0, old_price=0.0, sellable_online=true, link='https://www.ikea.com/sa/en/p/aepplaroe-corner-section-outdoor-brown-stained-brown-50205179/', other_colors='No', short_description='"        Corner section, outdoor"', designer='K Hagberg/M Hagberg', depth=80.0, height=73.0, width=80.0}
Products{id=2054, item_id=60406808, name='KROKHOLMEN', category='Outdoor furniture', price=175.0, old_price=0.0, sellable_online=true, link='https://www.ikea.com/sa/en/p/krokholmen-coffee-table-outdoor-orange-60406808/', other_colors='No', short_description='"        Coffee table, outdoor"', designer='Marcus Arvonen', depth=0.0, height=44.0, width=0.0}
Products{id=2055, item_id=60373624, name='SOLLERÖN', category='Outdoor furniture', price=519.0, old_price=0.0, sellable_online=true, link='https://www.ikea.com/sa/en/p/solleroen-one-seat-section-outdoor-brown-60373624/', other_colors='Yes', short_description='"        One-seat section, outdoor"', designer='Jonas Hultqvist', depth=82.0, height=74.0, width=62.0}
Products{id=2056, item_id=39287789, name='SOLLERÖN', category='Outdoor furniture', price=3781.0, old_price=0.0, sellable_online=true, link='https://www.ikea.com/sa/en/p/solleroen-modular-corner-sofa-3-seat-outdoor-dark-grey-froesoen-duvholmen-beige-s39287789/', other_colors='Yes', short_description='"        Modular corner sofa 3-seat, outdoor"', designer='Eva Lilja Löwenhielm/IKEA of Sweden/Jonas Hultqvist', depth=82.0, height=88.0, width=225.0}
Products{id=2057, item_id=80267137, name='VÄDDÖ', category='Outdoor furniture', price=75.0, old_price=0.0, sellable_online=true, link='https://www.ikea.com/sa/en/p/vaeddoe-chair-outdoor-white-80267137/', other_colors='No', short_description='"        Chair, outdoor"', designer='Henrik Preutz', depth=46.0, height=79.0, width=40.0}
Products{id=2058, item_id=50422210, name='HÅLLÖ', category='Outdoor furniture', price=49.0, old_price=0.0, sellable_online=true, link='https://www.ikea.com/sa/en/p/halloe-chair-cushion-outdoor-black-50422210/', other_colors='No', short_description='"        Chair cushion, outdoor,          44x44 cm"', designer='IKEA of Sweden', depth=44.0, height=0.0, width=44.0}
Products{id=2059, item_id=40391718, name='FRÖSÖN', category='Outdoor furniture', price=65.0, old_price=0.0, sellable_online=true, link='https://www.ikea.com/sa/en/p/froesoen-cover-for-seat-cushion-outdoor-dark-grey-40391718/', other_colors='Yes', short_description='"        Cover for seat cushion,          62x62 cm"', designer='Eva Lilja Löwenhielm', depth=62.0, height=0.0, width=62.0}
Products{id=2060, item_id=59267653, name='SJÄLLAND', category='Outdoor furniture', price=1727.0, old_price=0.0, sellable_online=true, link='https://www.ikea.com/sa/en/p/sjaelland-table-2-chairs-bench-outdoor-light-brown-froesoen-duvholmen-dark-grey-s59267653/', other_colors='Yes', short_description='"        Table+2 chairs+ bench, outdoor,          156x90 cm"', designer='Eva Lilja Löwenhielm/IKEA of Sweden/David Wahl', depth=0.0, height=73.0, width=90.0}
Products{id=2061, item_id=80382321, name='MAMMUT', category='Outdoor furniture', price=59.0, old_price=0.0, sellable_online=true, link='https://www.ikea.com/sa/en/p/mammut-childrens-chair-in-outdoor-pink-80382321/', other_colors='No', short_description='        Children's chair', designer='M Kjelstrup/A Östgaard', depth=36.0, height=67.0, width=39.0}
Products{id=2062, item_id=9251956, name='HAVSTEN', category='Outdoor furniture', price=2170.0, old_price=0.0, sellable_online=true, link='https://www.ikea.com/sa/en/p/havsten-2-seat-sofa-in-outdoor-beige-s09251956/', other_colors='No', short_description='"        2-seat sofa, in/outdoor,          179x94x90 cm"', designer='Andreas Fredriksson', depth=94.0, height=90.0, width=179.0}
Products{id=2063, item_id=70424147, name='BRUSEN', category='Outdoor furniture', price=1036.0, old_price=0.0, sellable_online=true, link='https://www.ikea.com/sa/en/p/brusen-3-seat-sofa-outdoor-red-70424147/', other_colors='No', short_description='"        3-seat sofa, outdoor"', designer='Ola Wihlborg', depth=64.0, height=75.0, width=146.0}
Products{id=2064, item_id=59253123, name='FRÖSÖN/DUVHOLMEN', category='Outdoor furniture', price=150.0, old_price=0.0, sellable_online=true, link='https://www.ikea.com/sa/en/p/froesoen-duvholmen-seat-back-cushion-outdoor-beige-s59253123/', other_colors='No', short_description='"        Seat/back cushion, outdoor,          116x45 cm"', designer='IKEA of Sweden/Eva Lilja Löwenhielm', depth=0.0, height=0.0, width=45.0}
Products{id=2065, item_id=39898474, name='ÄPPLARÖ', category='Outdoor furniture', price=2275.0, old_price=0.0, sellable_online=true, link='https://www.ikea.com/sa/en/p/aepplaroe-table-6-chairs-w-armrests-outdoor-brown-stained-brown-s39898474/', other_colors='Yes', short_description='"        Table+6 chairs w armrests, outdoor"', designer='K Hagberg/M Hagberg', depth=0.0, height=0.0, width=0.0}
Products{id=2066, item_id=50240031, name='ASKHOLMEN', category='Outdoor furniture', price=129.0, old_price=0.0, sellable_online=true, link='https://www.ikea.com/sa/en/p/askholmen-chair-outdoor-grey-brown-foldable-grey-brown-stained-light-brown-stained-light-brown-50240031/', other_colors='No', short_description='"        Chair, outdoor"', designer='IKEA of Sweden', depth=49.0, height=87.0, width=36.0}
Products{id=2067, item_id=70319288, name='YTTERÖN', category='Outdoor furniture', price=27.0, old_price=0.0, sellable_online=true, link='https://www.ikea.com/sa/en/p/ytteroen-chair-cushion-outdoor-blue-70319288/', other_colors='No', short_description='"        Chair cushion, outdoor,          35 cm"', designer='IKEA of Sweden', depth=0.0, height=0.0, width=0.0}
Products{id=2068, item_id=411087, name='KUDDARNA', category='Outdoor furniture', price=39.0, old_price=0.0, sellable_online=true, link='https://www.ikea.com/sa/en/p/kuddarna-chair-cushion-outdoor-beige-00411087/', other_colors='Yes', short_description='"        Chair cushion, outdoor,          44x44 cm"', designer='IKEA of Sweden', depth=44.0, height=0.0, width=44.0}
Products{id=2069, item_id=80314704, name='YTTERÖN', category='Outdoor furniture', price=99.0, old_price=0.0, sellable_online=true, link='https://www.ikea.com/sa/en/p/ytteroen-seat-back-cushion-outdoor-blue-80314704/', other_colors='No', short_description='"        Seat/back cushion, outdoor,          92x50 cm"', designer='IKEA of Sweden', depth=0.0, height=0.0, width=50.0}
Products{id=2070, item_id=20312604, name='STEGÖN', category='Outdoor furniture', price=16.2, old_price=0.0, sellable_online=true, link='https://www.ikea.com/sa/en/p/stegoen-chair-cushion-outdoor-beige-20312604/', other_colors='No', short_description='"        Chair cushion, outdoor,          35 cm"', designer='Lisel Garsveden', depth=0.0, height=0.0, width=0.0}
Products{id=2071, item_id=39265481, name='SJÄLLAND', category='Outdoor furniture', price=1900.0, old_price=0.0, sellable_online=true, link='https://www.ikea.com/sa/en/p/sjaelland-table-4-reclining-chairs-outdoor-dark-grey-light-grey-s39265481/', other_colors='Yes', short_description='"        Table+4 reclining chairs, outdoor,          156x90 cm"', designer='David Wahl', depth=0.0, height=73.0, width=90.0}
Products{id=2072, item_id=49264872, name='SJÄLLAND', category='Outdoor furniture', price=636.0, old_price=0.0, sellable_online=true, link='https://www.ikea.com/sa/en/p/sjaelland-table-outdoor-dark-grey-light-grey-s49264872/', other_colors='No', short_description='"        Table, outdoor,          156x90 cm"', designer='David Wahl', depth=0.0, height=73.0, width=90.0}
Products{id=2073, item_id=59289990, name='ÄPPLARÖ', category='Outdoor furniture', price=1095.0, old_price=0.0, sellable_online=true, link='https://www.ikea.com/sa/en/p/aepplaroe-table-4-folding-chairs-outdoor-brown-stained-s59289990/', other_colors='Yes', short_description='"        Table+4 folding chairs, outdoor"', designer='K Hagberg/M Hagberg', depth=0.0, height=0.0, width=0.0}
Products{id=2074, item_id=19241491, name='SOLLERÖN', category='Outdoor furniture', price=2016.0, old_price=0.0, sellable_online=true, link='https://www.ikea.com/sa/en/p/solleroen-2-seat-modular-sofa-outdoor-brown-kungsoe-white-s19241491/', other_colors='Yes', short_description='"        2-seat modular sofa, outdoor,          161x82x87 cm"', designer='IKEA of Sweden/Jonas Hultqvist', depth=82.0, height=87.0, width=161.0}
Products{id=2075, item_id=19267099, name='SJÄLLAND', category='Outdoor furniture', price=2636.0, old_price=0.0, sellable_online=true, link='https://www.ikea.com/sa/en/p/sjaelland-table-4-reclining-chairs-outdoor-light-brown-froesoen-duvholmen-beige-s19267099/', other_colors='Yes', short_description='"        Table+4 reclining chairs, outdoor,          156x90 cm"', designer='Eva Lilja Löwenhielm/IKEA of Sweden/David Wahl', depth=0.0, height=73.0, width=90.0}
Products{id=2076, item_id=29268946, name='ASKHOLMEN', category='Outdoor furniture', price=323.0, old_price=0.0, sellable_online=true, link='https://www.ikea.com/sa/en/p/askholmen-table-for-wall-1-fold-chr-outdoor-grey-brown-stained-froesoen-duvholmen-beige-s29268946/', other_colors='Yes', short_description='"        Table for wall+1 fold chr, outdoor"', designer='Jon Karlsson/IKEA of Sweden/Eva Lilja Löwenhielm', depth=0.0, height=0.0, width=0.0}
Products{id=2077, item_id=10411421, name='TRANARÖ', category='Outdoor furniture', price=95.0, old_price=0.0, sellable_online=true, link='https://www.ikea.com/sa/en/p/tranaroe-stool-side-table-in-outdoor-red-10411421/', other_colors='No', short_description='"        Stool/side table, in/outdoor,          56x41x43 cm"', designer='Ola Wihlborg', depth=41.0, height=43.0, width=56.0}
Products{id=2078, item_id=30405339, name='SJÄLLAND', category='Outdoor furniture', price=340.0, old_price=0.0, sellable_online=true, link='https://www.ikea.com/sa/en/p/sjaelland-reclining-chair-outdoor-light-grey-foldable-light-brown-30405339/', other_colors='No', short_description='"        Reclining chair, outdoor"', designer='David Wahl', depth=75.0, height=110.0, width=58.0}
Products{id=2079, item_id=19183815, name='SALTHOLMEN', category='Outdoor furniture', price=445.0, old_price=0.0, sellable_online=true, link='https://www.ikea.com/sa/en/p/saltholmen-table-2-folding-chairs-outdoor-beige-s19183815/', other_colors='Yes', short_description='"        Table+2 folding chairs, outdoor"', designer='Jon Karlsson', depth=0.0, height=0.0, width=0.0}
Products{id=2080, item_id=80311833, name='SALTHOLMEN', category='Outdoor furniture', price=195.0, old_price=0.0, sellable_online=true, link='https://www.ikea.com/sa/en/p/saltholmen-table-outdoor-foldable-beige-80311833/', other_colors='No', short_description='"        Table, outdoor,          65 cm"', designer='Jon Karlsson', depth=0.0, height=71.0, width=0.0}
Products{id=2081, item_id=9241509, name='SOLLERÖN', category='Outdoor furniture', price=1238.0, old_price=0.0, sellable_online=true, link='https://www.ikea.com/sa/en/p/solleroen-armchair-outdoor-brown-kungsoe-white-s09241509/', other_colors='Yes', short_description='"        Armchair, outdoor"', designer='IKEA of Sweden/Jonas Hultqvist', depth=82.0, height=87.0, width=98.0}
Products{id=2082, item_id=29252078, name='HAVSTEN', category='Outdoor furniture', price=4070.0, old_price=0.0, sellable_online=true, link='https://www.ikea.com/sa/en/p/havsten-4-seat-sofa-in-outdoor-beige-s29252078/', other_colors='No', short_description='"        4-seat sofa, in/outdoor,          341x94x90 cm"', designer='Andreas Fredriksson', depth=94.0, height=90.0, width=341.0}
Products{id=2083, item_id=49287920, name='SOLLERÖN', category='Outdoor furniture', price=4888.0, old_price=0.0, sellable_online=true, link='https://www.ikea.com/sa/en/p/solleroen-4-seat-conversation-set-outdoor-dark-grey-froesoen-duvholmen-beige-s49287920/', other_colors='Yes', short_description='"        4-seat conversation set, outdoor"', designer='Jonas Hultqvist/IKEA of Sweden/Eva Lilja Löwenhielm', depth=0.0, height=0.0, width=0.0}
Products{id=2084, item_id=99262432, name='SJÄLLAND', category='Outdoor furniture', price=380.0, old_price=0.0, sellable_online=true, link='https://www.ikea.com/sa/en/p/sjaelland-table-outdoor-light-brown-light-grey-s99262432/', other_colors='No', short_description='"        Table, outdoor,          71x71x73 cm"', designer='David Wahl', depth=0.0, height=73.0, width=71.0}
Products{id=2085, item_id=69253033, name='FRÖSÖN/DUVHOLMEN', category='Outdoor furniture', price=29.4, old_price=0.0, sellable_online=true, link='https://www.ikea.com/sa/en/p/froesoen-duvholmen-chair-cushion-outdoor-dark-grey-s69253033/', other_colors='Yes', short_description='"        Chair cushion, outdoor,          35 cm"', designer='IKEA of Sweden/Eva Lilja Löwenhielm', depth=0.0, height=0.0, width=0.0}
Products{id=2086, item_id=29267659, name='SJÄLLAND', category='Outdoor furniture', price=1679.0, old_price=0.0, sellable_online=true, link='https://www.ikea.com/sa/en/p/sjaelland-table-2-chairs-bench-outdoor-dark-grey-froesoen-duvholmen-dark-grey-s29267659/', other_colors='Yes', short_description='"        Table+2 chairs+ bench, outdoor,          156x90 cm"', designer='IKEA of Sweden/David Wahl/Eva Lilja Löwenhielm', depth=0.0, height=73.0, width=90.0}
Products{id=2087, item_id=9219278, name='KUNGSHOLMEN', category='Outdoor furniture', price=1668.0, old_price=0.0, sellable_online=true, link='https://www.ikea.com/sa/en/p/kungsholmen-2-seat-modular-sofa-outdoor-black-brown-kungsoe-white-s09219278/', other_colors='Yes', short_description='"        2-seat modular sofa, outdoor,          160x80x89 cm"', designer='Nike Karlsson/IKEA of Sweden', depth=80.0, height=89.0, width=160.0}
Products{id=2088, item_id=39156401, name='ÄPPLARÖ', category='Outdoor furniture', price=2000.0, old_price=0.0, sellable_online=true, link='https://www.ikea.com/sa/en/p/aepplaroe-table-2-chrsw-armr-bench-outdoor-brown-stained-halloe-black-s39156401/', other_colors='Yes', short_description='"        Table+2 chrsw armr+ bench, outdoor"', designer='K Hagberg/M Hagberg/IKEA of Sweden', depth=0.0, height=0.0, width=0.0}
Products{id=2089, item_id=49257386, name='KUNGSHOLMEN', category='Outdoor furniture', price=544.4, old_price=0.0, sellable_online=true, link='https://www.ikea.com/sa/en/p/kungsholmen-easy-chair-outdoor-black-brown-froesoen-duvholmen-dark-grey-s49257386/', other_colors='Yes', short_description='"        Easy chair, outdoor,          62x80x90 cm"', designer='Nike Karlsson/IKEA of Sweden/Eva Lilja Löwenhielm', depth=80.0, height=90.0, width=62.0}
Products{id=2090, item_id=99258005, name='KUNGSHOLMEN', category='Outdoor furniture', price=2160.4, old_price=0.0, sellable_online=true, link='https://www.ikea.com/sa/en/p/kungsholmen-3-seat-modular-sofa-outdoor-black-brown-froesoen-duvholmen-dark-grey-s99258005/', other_colors='Yes', short_description='"        3-seat modular sofa, outdoor,          222x80x90 cm"', designer='IKEA of Sweden/Nike Karlsson/Eva Lilja Löwenhielm', depth=80.0, height=90.0, width=222.0}
Products{id=2091, item_id=50357785, name='UTTER', category='Outdoor furniture', price=25.0, old_price=0.0, sellable_online=true, link='https://www.ikea.com/sa/en/p/utter-childrens-stool-in-outdoor-white-50357785/', other_colors='No', short_description='        Children's stool', designer='K Hagberg/M Hagberg', depth=0.0, height=0.0, width=0.0}
Products{id=2092, item_id=410747, name='HUSARÖ', category='Outdoor furniture', price=495.0, old_price=0.0, sellable_online=true, link='https://www.ikea.com/sa/en/p/husaroe-armchair-outdoor-dark-grey-00410747/', other_colors='No', short_description='"        Armchair, outdoor"', designer='Ola Wihlborg', depth=80.0, height=102.0, width=64.0}
Products{id=2093, item_id=50405338, name='SJÄLLAND', category='Outdoor furniture', price=316.0, old_price=0.0, sellable_online=true, link='https://www.ikea.com/sa/en/p/sjaelland-reclining-chair-outdoor-light-grey-foldable-dark-grey-50405338/', other_colors='No', short_description='"        Reclining chair, outdoor"', designer='David Wahl', depth=75.0, height=110.0, width=58.0}
Products{id=2094, item_id=90287413, name='BUNSÖ', category='Outdoor furniture', price=69.0, old_price=0.0, sellable_online=true, link='https://www.ikea.com/sa/en/p/bunsoe-childrens-easy-chair-outdoor-white-90287413/', other_colors='No', short_description='"        Children's easy chair, outdoor"', designer='Thomas Sandell', depth=63.0, height=49.0, width=51.0}
Products{id=2095, item_id=70386503, name='SJÄLLAND', category='Outdoor furniture', price=276.0, old_price=0.0, sellable_online=true, link='https://www.ikea.com/sa/en/p/sjaelland-chair-with-armrests-outdoor-light-grey-light-brown-70386503/', other_colors='No', short_description='"        Chair with armrests, outdoor"', designer='David Wahl', depth=60.0, height=86.0, width=60.0}
Products{id=2096, item_id=59048397, name='ÄPPLARÖ', category='Outdoor furniture', price=1845.0, old_price=0.0, sellable_online=true, link='https://www.ikea.com/sa/en/p/aepplaroe-table-4-reclining-chairs-outdoor-brown-stained-s59048397/', other_colors='Yes', short_description='"        Table+4 reclining chairs, outdoor"', designer='K Hagberg/M Hagberg', depth=0.0, height=0.0, width=0.0}
Products{id=2097, item_id=80391839, name='DUVHOLMEN', category='Outdoor furniture', price=15.0, old_price=0.0, sellable_online=true, link='https://www.ikea.com/sa/en/p/duvholmen-inner-cushion-for-chair-cushion-outdoor-grey-80391839/', other_colors='No', short_description='"        Inner cushion for chair cushion,          35 cm"', designer='IKEA of Sweden', depth=0.0, height=0.0, width=0.0}
Products{id=2098, item_id=10386450, name='SOLLERÖN', category='Outdoor furniture', price=460.0, old_price=0.0, sellable_online=true, link='https://www.ikea.com/sa/en/p/solleroen-armrest-section-outdoor-brown-10386450/', other_colors='No', short_description='"        Armrest section, outdoor"', designer='Jonas Hultqvist', depth=82.0, height=53.0, width=18.0}
Products{id=2099, item_id=29262435, name='SJÄLLAND', category='Outdoor furniture', price=356.0, old_price=0.0, sellable_online=true, link='https://www.ikea.com/sa/en/p/sjaelland-table-outdoor-dark-grey-light-grey-s29262435/', other_colors='No', short_description='"        Table, outdoor,          71x71x73 cm"', designer='David Wahl', depth=0.0, height=73.0, width=71.0}
Products{id=2100, item_id=49267286, name='HAVSTEN', category='Outdoor furniture', price=3925.0, old_price=0.0, sellable_online=true, link='https://www.ikea.com/sa/en/p/havsten-4-seat-sofa-in-outdoor-with-open-end-without-armrests-beige-s49267286/', other_colors='No', short_description='"        4-seat sofa, in/outdoor,          326x94x90 cm"', designer='Andreas Fredriksson', depth=94.0, height=90.0, width=326.0}
Products{id=2101, item_id=59303665, name='SOLLERÖN', category='Outdoor furniture', price=1773.0, old_price=0.0, sellable_online=true, link='https://www.ikea.com/sa/en/p/solleroen-2-seat-modular-sofa-outdoor-dark-grey-kuddarna-beige-s59303665/', other_colors='Yes', short_description='"        2-seat modular sofa, outdoor,          161x82x84 cm"', designer='Jonas Hultqvist/IKEA of Sweden', depth=82.0, height=84.0, width=161.0}
Products{id=2102, item_id=79303645, name='SOLLERÖN', category='Outdoor furniture', price=2412.0, old_price=0.0, sellable_online=true, link='https://www.ikea.com/sa/en/p/solleroen-3-seat-modular-sofa-outdoor-dark-grey-kuddarna-beige-s79303645/', other_colors='Yes', short_description='"        3-seat modular sofa, outdoor,          223x82x84 cm"', designer='Jonas Hultqvist/IKEA of Sweden', depth=82.0, height=84.0, width=223.0}
Products{id=2103, item_id=80391716, name='FRÖSÖN', category='Outdoor furniture', price=14.4, old_price=0.0, sellable_online=true, link='https://www.ikea.com/sa/en/p/froesoen-cover-for-chair-cushion-outdoor-dark-grey-80391716/', other_colors='Yes', short_description='"        Cover for chair cushion,          35 cm"', designer='Eva Lilja Löwenhielm', depth=0.0, height=0.0, width=0.0}
Products{id=2104, item_id=20411067, name='KUDDARNA', category='Outdoor furniture', price=29.0, old_price=0.0, sellable_online=true, link='https://www.ikea.com/sa/en/p/kuddarna-chair-cushion-outdoor-beige-20411067/', other_colors='Yes', short_description='"        Chair cushion, outdoor,          36x32 cm"', designer='IKEA of Sweden', depth=32.0, height=0.0, width=36.0}
Products{id=2105, item_id=10391833, name='DUVHOLMEN', category='Outdoor furniture', price=49.0, old_price=0.0, sellable_online=true, link='https://www.ikea.com/sa/en/p/duvholmen-inner-cushion-for-back-cushion-outdoor-grey-10391833/', other_colors='No', short_description='"        Inner cushion for back cushion,          62x44 cm"', designer='IKEA of Sweden', depth=0.0, height=0.0, width=62.0}
Products{id=2106, item_id=10386501, name='SJÄLLAND', category='Outdoor furniture', price=260.0, old_price=0.0, sellable_online=true, link='https://www.ikea.com/sa/en/p/sjaelland-chair-with-armrests-outdoor-light-grey-dark-grey-10386501/', other_colors='No', short_description='"        Chair with armrests, outdoor"', designer='David Wahl', depth=60.0, height=86.0, width=60.0}
Products{id=2107, item_id=69253108, name='FRÖSÖN/DUVHOLMEN', category='Outdoor furniture', price=88.0, old_price=0.0, sellable_online=true, link='https://www.ikea.com/sa/en/p/froesoen-duvholmen-back-cushion-outdoor-dark-grey-s69253108/', other_colors='Yes', short_description='"        Back cushion, outdoor,          62x44 cm"', designer='Eva Lilja Löwenhielm/IKEA of Sweden', depth=0.0, height=0.0, width=62.0}
Products{id=2108, item_id=70401706, name='SJÄLLAND', category='Outdoor furniture', price=340.0, old_price=0.0, sellable_online=true, link='https://www.ikea.com/sa/en/p/sjaelland-bench-outdoor-light-grey-dark-grey-70401706/', other_colors='No', short_description='"        Bench, outdoor,          136 cm"', designer='David Wahl', depth=42.0, height=52.0, width=136.0}
Products{id=2109, item_id=19252371, name='SJÄLLAND', category='Outdoor furniture', price=1780.0, old_price=0.0, sellable_online=true, link='https://www.ikea.com/sa/en/p/sjaelland-table-4-chairs-outdoor-light-brown-light-grey-s19252371/', other_colors='Yes', short_description='"        Table+4 chairs, outdoor"', designer='David Wahl', depth=0.0, height=0.0, width=0.0}
Products{id=2110, item_id=99335985, name='FREKVENS', category='Outdoor furniture', price=619.0, old_price=0.0, sellable_online=true, link='https://www.ikea.com/sa/en/p/frekvens-bar-table-and-2-bar-stools-s99335985/', other_colors='No', short_description='        Bar table and 2 bar stools', designer='Nicholai Wiig Hansen', depth=0.0, height=0.0, width=0.0}
Products{id=2111, item_id=29287676, name='SJÄLLAND', category='Outdoor furniture', price=1010.0, old_price=0.0, sellable_online=true, link='https://www.ikea.com/sa/en/p/sjaelland-table-2-chairs-w-armrests-outdoor-light-brown-kuddarna-light-blue-blue-s29287676/', other_colors='Yes', short_description='"        Table+2 chairs w armrests, outdoor,          71x71x73 cm"', designer='David Wahl/IKEA of Sweden', depth=0.0, height=73.0, width=71.0}
Products{id=2112, item_id=50412942, name='FRÖSÖN', category='Outdoor furniture', price=35.0, old_price=0.0, sellable_online=true, link='https://www.ikea.com/sa/en/p/froesoen-cover-for-chair-cushion-outdoor-dark-grey-50412942/', other_colors='Yes', short_description='"        Cover for chair cushion,          50x50 cm"', designer='Eva Lilja Löwenhielm', depth=0.0, height=0.0, width=50.0}
Products{id=2113, item_id=60365346, name='MAMMUT', category='Outdoor furniture', price=59.0, old_price=0.0, sellable_online=true, link='https://www.ikea.com/sa/en/p/mammut-childrens-chair-in-outdoor-blue-60365346/', other_colors='No', short_description='        Children's chair', designer='M Kjelstrup/A Östgaard', depth=36.0, height=67.0, width=39.0}
Products{id=2114, item_id=50365361, name='MAMMUT', category='Outdoor furniture', price=29.0, old_price=0.0, sellable_online=true, link='https://www.ikea.com/sa/en/p/mammut-childrens-stool-in-outdoor-orange-50365361/', other_colors='No', short_description='        Children's stool', designer='M Kjelstrup/A Östgaard', depth=0.0, height=0.0, width=35.0}
Products{id=2115, item_id=39251931, name='HAVSTEN', category='Outdoor furniture', price=1075.0, old_price=0.0, sellable_online=true, link='https://www.ikea.com/sa/en/p/havsten-easy-chair-in-outdoor-beige-s39251931/', other_colors='No', short_description='"        Easy chair, in/outdoor,          83x94x90 cm"', designer='Andreas Fredriksson', depth=94.0, height=90.0, width=83.0}
Products{id=2116, item_id=99251966, name='HAVSTEN', category='Outdoor furniture', price=3120.0, old_price=0.0, sellable_online=true, link='https://www.ikea.com/sa/en/p/havsten-3-seat-sofa-in-outdoor-beige-s99251966/', other_colors='No', short_description='"        3-seat sofa, in/outdoor,          260x94x90 cm"', designer='Andreas Fredriksson', depth=94.0, height=90.0, width=260.0}
Products{id=2117, item_id=404534, name='HAVSTEN', category='Outdoor furniture', price=225.0, old_price=0.0, sellable_online=true, link='https://www.ikea.com/sa/en/p/havsten-back-cushion-outdoor-beige-00404534/', other_colors='No', short_description='"        Back cushion, outdoor,          72x98 cm"', designer='Andreas Fredriksson', depth=0.0, height=0.0, width=98.0}
Products{id=2118, item_id=29265014, name='SJÄLLAND', category='Outdoor furniture', price=1676.0, old_price=0.0, sellable_online=true, link='https://www.ikea.com/sa/en/p/sjaelland-table-4-chairs-w-armrests-outdoor-dark-grey-light-grey-s29265014/', other_colors='Yes', short_description='"        Table+4 chairs w armrests, outdoor,          156x90 cm"', designer='David Wahl', depth=0.0, height=73.0, width=90.0}
Products{id=2119, item_id=90417909, name='KUDDARNA', category='Outdoor furniture', price=49.0, old_price=0.0, sellable_online=true, link='https://www.ikea.com/sa/en/p/kuddarna-chair-cushion-outdoor-beige-90417909/', other_colors='Yes', short_description='"        Chair cushion, outdoor,          50x50 cm"', designer='IKEA of Sweden', depth=50.0, height=0.0, width=50.0}
Products{id=2120, item_id=29303624, name='SOLLERÖN', category='Outdoor furniture', price=2832.0, old_price=0.0, sellable_online=true, link='https://www.ikea.com/sa/en/p/solleroen-3-seat-modular-sofa-outdoor-with-footstool-dark-grey-kuddarna-beige-s29303624/', other_colors='Yes', short_description='"        3-seat modular sofa, outdoor"', designer='Jonas Hultqvist/IKEA of Sweden', depth=144.0, height=84.0, width=223.0}
Products{id=2121, item_id=80391844, name='DUVHOLMEN', category='Outdoor furniture', price=30.0, old_price=0.0, sellable_online=true, link='https://www.ikea.com/sa/en/p/duvholmen-inner-cushion-for-chair-cushion-outdoor-grey-80391844/', other_colors='No', short_description='"        Inner cushion for chair cushion,          44x44 cm"', designer='IKEA of Sweden', depth=44.0, height=0.0, width=44.0}
Products{id=2122, item_id=9251961, name='HAVSTEN', category='Outdoor furniture', price=2025.0, old_price=0.0, sellable_online=true, link='https://www.ikea.com/sa/en/p/havsten-2-seat-sofa-in-outdoor-with-open-end-without-armrests-beige-s09251961/', other_colors='No', short_description='"        2-seat sofa, in/outdoor,          164x94x90 cm"', designer='Andreas Fredriksson', depth=94.0, height=90.0, width=164.0}
Products{id=2123, item_id=9266477, name='SJÄLLAND', category='Outdoor furniture', price=2616.4, old_price=0.0, sellable_online=true, link='https://www.ikea.com/sa/en/p/sjaelland-table-6-chairs-w-armrests-outdoor-light-brown-froesoen-duvholmen-dark-grey-s09266477/', other_colors='Yes', short_description='"        Table+6 chairs w armrests, outdoor,          156x90 cm"', designer='Eva Lilja Löwenhielm/IKEA of Sweden/David Wahl', depth=0.0, height=73.0, width=90.0}
Products{id=2124, item_id=10267046, name='KUNGSHOLMEN', category='Outdoor furniture', price=575.0, old_price=0.0, sellable_online=true, link='https://www.ikea.com/sa/en/p/kungsholmen-corner-section-outdoor-black-brown-10267046/', other_colors='No', short_description='"        Corner section, outdoor"', designer='Nike Karlsson', depth=80.0, height=73.0, width=80.0}
Products{id=2125, item_id=19287714, name='SOLLERÖN', category='Outdoor furniture', price=1247.0, old_price=0.0, sellable_online=true, link='https://www.ikea.com/sa/en/p/solleroen-armchair-outdoor-dark-grey-froesoen-duvholmen-beige-s19287714/', other_colors='Yes', short_description='"        Armchair, outdoor"', designer='Jonas Hultqvist/IKEA of Sweden/Eva Lilja Löwenhielm', depth=82.0, height=88.0, width=98.0}
Products{id=2126, item_id=70264460, name='HÅLLÖ', category='Outdoor furniture', price=149.0, old_price=0.0, sellable_online=true, link='https://www.ikea.com/sa/en/p/halloe-seat-back-cushion-outdoor-black-70264460/', other_colors='No', short_description='"        Seat/back cushion, outdoor,          116x47 cm"', designer='IKEA of Sweden', depth=0.0, height=0.0, width=47.0}
Products{id=2127, item_id=20386505, name='SJÄLLAND', category='Outdoor furniture', price=356.0, old_price=0.0, sellable_online=true, link='https://www.ikea.com/sa/en/p/sjaelland-table-top-outdoor-light-brown-20386505/', other_colors='Yes', short_description='"        Table top, outdoor,          85x72 cm"', designer='David Wahl', depth=0.0, height=0.0, width=72.0}
Products{id=2128, item_id=20404528, name='HAVSTEN', category='Outdoor furniture', price=385.0, old_price=0.0, sellable_online=true, link='https://www.ikea.com/sa/en/p/havsten-seat-cushion-outdoor-beige-20404528/', other_colors='No', short_description='"        Seat cushion, outdoor,          100x98 cm"', designer='Andreas Fredriksson', depth=100.0, height=0.0, width=98.0}
Products{id=2129, item_id=60424586, name='SOLLERÖN', category='Outdoor furniture', price=495.0, old_price=0.0, sellable_online=true, link='https://www.ikea.com/sa/en/p/solleroen-armrest-section-outdoor-dark-grey-60424586/', other_colors='No', short_description='"        Armrest section, outdoor"', designer='Jonas Hultqvist', depth=82.0, height=53.0, width=18.0}
Products{id=2130, item_id=50339763, name='KUNGSÖ', category='Outdoor furniture', price=110.0, old_price=0.0, sellable_online=true, link='https://www.ikea.com/sa/en/p/kungsoe-back-cushion-outdoor-white-50339763/', other_colors='No', short_description='"        Back cushion, outdoor,          62x44 cm"', designer='IKEA of Sweden', depth=44.0, height=0.0, width=62.0}
Products{id=2131, item_id=80351819, name='KUNGSÖ', category='Outdoor furniture', price=149.0, old_price=0.0, sellable_online=true, link='https://www.ikea.com/sa/en/p/kungsoe-seat-cushion-outdoor-white-80351819/', other_colors='No', short_description='"        Seat cushion, outdoor,          62x62 cm"', designer='IKEA of Sweden', depth=62.0, height=0.0, width=62.0}
Products{id=2132, item_id=50365177, name='MAMMUT', category='Outdoor furniture', price=129.0, old_price=0.0, sellable_online=true, link='https://www.ikea.com/sa/en/p/mammut-childrens-table-in-outdoor-white-50365177/', other_colors='No', short_description='"        Children's table,          77x55 cm"', designer='M Kjelstrup/A Östgaard', depth=0.0, height=48.0, width=55.0}
Products{id=2133, item_id=90365180, name='MAMMUT', category='Outdoor furniture', price=149.0, old_price=0.0, sellable_online=true, link='https://www.ikea.com/sa/en/p/mammut-childrens-table-in-outdoor-blue-90365180/', other_colors='No', short_description='"        Children's table,          85 cm"', designer='M Kjelstrup/A Östgaard', depth=0.0, height=48.0, width=0.0}
Products{id=2134, item_id=40365366, name='MAMMUT', category='Outdoor furniture', price=59.0, old_price=0.0, sellable_online=true, link='https://www.ikea.com/sa/en/p/mammut-childrens-chair-in-outdoor-red-40365366/', other_colors='No', short_description='        Children's chair', designer='M Kjelstrup/A Östgaard', depth=36.0, height=67.0, width=39.0}
Products{id=2135, item_id=80292330, name='TOSTERÖ', category='Outdoor furniture', price=103.0, old_price=0.0, sellable_online=true, link='https://www.ikea.com/sa/en/p/tosteroe-cover-for-barbecue-black-80292330/', other_colors='No', short_description='"        Cover for barbecue,          72x52 cm"', designer='IKEA of Sweden', depth=0.0, height=111.0, width=52.0}
Products{id=2136, item_id=79262447, name='SJÄLLAND', category='Outdoor furniture', price=676.0, old_price=0.0, sellable_online=true, link='https://www.ikea.com/sa/en/p/sjaelland-table-outdoor-light-brown-light-grey-s79262447/', other_colors='No', short_description='"        Table, outdoor,          156x90 cm"', designer='David Wahl', depth=0.0, height=73.0, width=90.0}
Products{id=2137, item_id=80264493, name='HÅLLÖ', category='Outdoor furniture', price=75.0, old_price=0.0, sellable_online=true, link='https://www.ikea.com/sa/en/p/halloe-back-cushion-outdoor-black-80264493/', other_colors='No', short_description='"        Back cushion, outdoor,          62x42 cm"', designer='IKEA of Sweden', depth=42.0, height=0.0, width=62.0}
Products{id=2138, item_id=30391714, name='FRÖSÖN', category='Outdoor furniture', price=75.0, old_price=0.0, sellable_online=true, link='https://www.ikea.com/sa/en/p/froesoen-cover-for-seat-back-cushion-outdoor-beige-30391714/', other_colors='Yes', short_description='"        Cover for seat/back cushion,          116x45 cm"', designer='Eva Lilja Löwenhielm', depth=0.0, height=0.0, width=45.0}
Products{id=2139, item_id=90417914, name='KUDDARNA', category='Outdoor furniture', price=49.0, old_price=0.0, sellable_online=true, link='https://www.ikea.com/sa/en/p/kuddarna-chair-cushion-outdoor-light-blue-90417914/', other_colors='No', short_description='"        Chair cushion, outdoor,          50x50 cm"', designer='IKEA of Sweden', depth=50.0, height=0.0, width=50.0}
Products{id=2140, item_id=10404519, name='HAVSTEN', category='Outdoor furniture', price=125.0, old_price=0.0, sellable_online=true, link='https://www.ikea.com/sa/en/p/havsten-supporting-stand-outdoor-beige-10404519/', other_colors='No', short_description='"        Supporting stand, outdoor"', designer='Andreas Fredriksson', depth=92.0, height=75.0, width=2.0}
Products{id=2141, item_id=20424593, name='SOLLERÖN', category='Outdoor furniture', price=709.0, old_price=0.0, sellable_online=true, link='https://www.ikea.com/sa/en/p/solleroen-corner-section-outdoor-dark-grey-20424593/', other_colors='No', short_description='"        Corner section, outdoor"', designer='Jonas Hultqvist', depth=82.0, height=74.0, width=82.0}
Products{id=2142, item_id=49303595, name='SOLLERÖN', category='Outdoor furniture', price=4345.0, old_price=0.0, sellable_online=true, link='https://www.ikea.com/sa/en/p/solleroen-modular-corner-sofa-4-seat-outdoor-with-footstool-dark-grey-kuddarna-beige-s49303595/', other_colors='Yes', short_description='"        Modular corner sofa 4-seat, outdoor"', designer='IKEA of Sweden/Jonas Hultqvist', depth=82.0, height=84.0, width=287.0}
Products{id=2143, item_id=50404522, name='HAVSTEN', category='Outdoor furniture', price=215.0, old_price=0.0, sellable_online=true, link='https://www.ikea.com/sa/en/p/havsten-seat-and-back-part-outdoor-beige-50404522/', other_colors='No', short_description='"        Seat and back part, outdoor"', designer='Andreas Fredriksson', depth=0.0, height=0.0, width=80.0}
Products{id=2144, item_id=59253439, name='FRÖSÖN/DUVHOLMEN', category='Outdoor furniture', price=59.0, old_price=0.0, sellable_online=true, link='https://www.ikea.com/sa/en/p/froesoen-duvholmen-chair-cushion-outdoor-beige-s59253439/', other_colors='Yes', short_description='"        Chair cushion, outdoor,          44x44 cm"', designer='Eva Lilja Löwenhielm/IKEA of Sweden', depth=44.0, height=0.0, width=44.0}
Products{id=2145, item_id=60264540, name='HÅLLÖ', category='Outdoor furniture', price=115.0, old_price=0.0, sellable_online=true, link='https://www.ikea.com/sa/en/p/halloe-seat-cushion-outdoor-black-60264540/', other_colors='No', short_description='"        Seat cushion, outdoor,          62x62 cm"', designer='IKEA of Sweden', depth=62.0, height=0.0, width=62.0}
Products{id=2146, item_id=20411072, name='KUDDARNA', category='Outdoor furniture', price=29.0, old_price=0.0, sellable_online=true, link='https://www.ikea.com/sa/en/p/kuddarna-chair-cushion-outdoor-light-blue-20411072/', other_colors='No', short_description='"        Chair cushion, outdoor,          36x32 cm"', designer='IKEA of Sweden', depth=32.0, height=0.0, width=36.0}
Products{id=2147, item_id=50391850, name='DUVHOLMEN', category='Outdoor furniture', price=80.0, old_price=0.0, sellable_online=true, link='https://www.ikea.com/sa/en/p/duvholmen-inner-cushion-for-seat-cushion-outdoor-grey-50391850/', other_colors='No', short_description='"        Inner cushion for seat cushion,          62x62 cm"', designer='IKEA of Sweden', depth=62.0, height=0.0, width=62.0}
Products{id=2148, item_id=39253077, name='FRÖSÖN/DUVHOLMEN', category='Outdoor furniture', price=145.0, old_price=0.0, sellable_online=true, link='https://www.ikea.com/sa/en/p/froesoen-duvholmen-seat-cushion-outdoor-beige-s39253077/', other_colors='Yes', short_description='"        Seat cushion, outdoor,          62x62 cm"', designer='IKEA of Sweden/Eva Lilja Löwenhielm', depth=62.0, height=0.0, width=62.0}
Products{id=2149, item_id=60151840, name='LÄCKÖ', category='Outdoor furniture', price=149.0, old_price=0.0, sellable_online=true, link='https://www.ikea.com/sa/en/p/laeckoe-chair-outdoor-grey-60151840/', other_colors='No', short_description='"        Chair, outdoor"', designer='Jon Karlsson', depth=52.0, height=87.0, width=42.0}
Products{id=2150, item_id=79291360, name='FRÖSÖN/DUVHOLMEN', category='Outdoor furniture', price=70.0, old_price=0.0, sellable_online=true, link='https://www.ikea.com/sa/en/p/froesoen-duvholmen-chair-cushion-outdoor-dark-grey-s79291360/', other_colors='Yes', short_description='"        Chair cushion, outdoor,          50x50 cm"', designer='Eva Lilja Löwenhielm/IKEA of Sweden', depth=50.0, height=0.0, width=50.0}
Products{id=2151, item_id=411092, name='KUDDARNA', category='Outdoor furniture', price=39.0, old_price=0.0, sellable_online=true, link='https://www.ikea.com/sa/en/p/kuddarna-chair-cushion-outdoor-light-blue-00411092/', other_colors='No', short_description='"        Chair cushion, outdoor,          44x44 cm"', designer='IKEA of Sweden', depth=44.0, height=0.0, width=44.0}
Products{id=2152, item_id=80311828, name='SALTHOLMEN', category='Outdoor furniture', price=125.0, old_price=0.0, sellable_online=true, link='https://www.ikea.com/sa/en/p/saltholmen-chair-outdoor-foldable-beige-80311828/', other_colors='No', short_description='"        Chair, outdoor"', designer='Jon Karlsson', depth=46.0, height=83.0, width=42.0}
Products{id=2153, item_id=339204, name='MASTHOLMEN', category='Outdoor furniture', price=729.0, old_price=0.0, sellable_online=true, link='https://www.ikea.com/sa/en/p/mastholmen-2-seat-sofa-outdoor-00339204/', other_colors='No', short_description='"        2-seat sofa, outdoor,          118x67x80 cm"', designer='Nike Karlsson', depth=67.0, height=80.0, width=118.0}
Products{id=2154, item_id=20391856, name='DUVHOLMEN', category='Outdoor furniture', price=75.0, old_price=0.0, sellable_online=true, link='https://www.ikea.com/sa/en/p/duvholmen-inner-cushion-for-seat-back-cushion-outdoor-grey-20391856/', other_colors='No', short_description='"        Inner cushion for seat/back cushion,          71x45/42x45 cm"', designer='IKEA of Sweden', depth=0.0, height=0.0, width=0.0}
Products{id=2155, item_id=19241387, name='SOLLERÖN', category='Outdoor furniture', price=2794.0, old_price=0.0, sellable_online=true, link='https://www.ikea.com/sa/en/p/solleroen-3-seat-modular-sofa-outdoor-brown-kungsoe-white-s19241387/', other_colors='Yes', short_description='"        3-seat modular sofa, outdoor,          223x82x87 cm"', designer='Jonas Hultqvist/IKEA of Sweden', depth=82.0, height=87.0, width=223.0}
Products{id=2156, item_id=20373621, name='SOLLERÖN', category='Outdoor furniture', price=709.0, old_price=0.0, sellable_online=true, link='https://www.ikea.com/sa/en/p/solleroen-corner-section-outdoor-brown-20373621/', other_colors='No', short_description='"        Corner section, outdoor"', designer='Jonas Hultqvist', depth=82.0, height=74.0, width=82.0}
Products{id=2157, item_id=29291857, name='SJÄLLAND', category='Outdoor furniture', price=3102.0, old_price=0.0, sellable_online=true, link='https://www.ikea.com/sa/en/p/sjaelland-table-6-reclining-chairs-outdoor-dark-grey-kuddarna-beige-s29291857/', other_colors='Yes', short_description='"        Table+6 reclining chairs, outdoor,          156x90 cm"', designer='David Wahl/IKEA of Sweden', depth=0.0, height=73.0, width=90.0}
Products{id=2158, item_id=40404513, name='HAVSTEN', category='Outdoor furniture', price=395.0, old_price=0.0, sellable_online=true, link='https://www.ikea.com/sa/en/p/havsten-armrest-section-outdoor-beige-40404513/', other_colors='No', short_description='"        Armrest section, outdoor"', designer='Andreas Fredriksson', depth=92.0, height=75.0, width=9.0}
Products{id=2159, item_id=60365167, name='MAMMUT', category='Outdoor furniture', price=129.0, old_price=0.0, sellable_online=true, link='https://www.ikea.com/sa/en/p/mammut-childrens-table-in-outdoor-red-60365167/', other_colors='No', short_description='"        Children's table,          77x55 cm"', designer='M Kjelstrup/A Östgaard', depth=0.0, height=48.0, width=55.0}
Products{id=2160, item_id=39251926, name='HAVSTEN', category='Outdoor furniture', price=1220.0, old_price=0.0, sellable_online=true, link='https://www.ikea.com/sa/en/p/havsten-armchair-in-outdoor-beige-s39251926/', other_colors='No', short_description='"        Armchair, in/outdoor,          98x94x90 cm"', designer='Andreas Fredriksson', depth=94.0, height=90.0, width=98.0}
Products{id=2161, item_id=40264485, name='HÅLLÖ', category='Outdoor furniture', price=75.0, old_price=0.0, sellable_online=true, link='https://www.ikea.com/sa/en/p/halloe-chair-cushion-outdoor-black-40264485/', other_colors='No', short_description='"        Chair cushion, outdoor,          50x50 cm"', designer='IKEA of Sweden', depth=50.0, height=0.0, width=50.0}
Products{id=2162, item_id=60417897, name='DUVHOLMEN', category='Outdoor furniture', price=35.0, old_price=0.0, sellable_online=true, link='https://www.ikea.com/sa/en/p/duvholmen-inner-cushion-for-chair-cushion-outdoor-grey-60417897/', other_colors='No', short_description='"        Inner cushion for chair cushion,          50x50 cm"', designer='IKEA of Sweden', depth=50.0, height=0.0, width=50.0}
Products{id=2163, item_id=99285928, name='SOLLERÖN', category='Outdoor furniture', price=3564.0, old_price=0.0, sellable_online=true, link='https://www.ikea.com/sa/en/p/solleroen-modular-corner-sofa-3-seat-outdoor-brown-froesoen-duvholmen-beige-s99285928/', other_colors='No', short_description='"        Modular corner sofa 3-seat, outdoor"', designer='Eva Lilja Löwenhielm/Jonas Hultqvist/IKEA of Sweden', depth=82.0, height=88.0, width=144.0}