Products{id=1727, item_id=10460888, name='SMÅGÖRA', category='Children's furniture', price=495.0, old_price=0.0, sellable_online=true, link='https://www.ikea.com/sa/en/p/smagoera-wardrobe-white-10460888/', other_colors='No', short_description='"        Wardrobe,          80x50x187 cm"', designer='IKEA of Sweden', depth=50.0, height=187.0, width=80.0}
Products{id=1728, item_id=39337911, name='POÄNG', category='Children's furniture', price=179.0, old_price=0.0, sellable_online=true, link='https://www.ikea.com/sa/en/p/poaeng-childrens-armchair-birch-veneer-almas-beige-s39337911/', other_colors='No', short_description='        Children's armchair', designer='Noboru Nakamura', depth=56.0, height=68.0, width=47.0}
Products{id=1729, item_id=19338054, name='TROFAST', category='Children's furniture', price=245.0, old_price=0.0, sellable_online=false, link='https://www.ikea.com/sa/en/p/trofast-storage-combination-light-white-stained-pine-white-pink-s19338054/', other_colors='Yes', short_description='"        Storage combination,          44x30x91 cm"', designer='Studio Copenhagen', depth=30.0, height=91.0, width=44.0}
Products{id=1730, item_id=59337670, name='LOBERGET / SIBBEN', category='Children's furniture', price=95.0, old_price=0.0, sellable_online=true, link='https://www.ikea.com/sa/en/p/loberget-sibben-childrens-desk-chair-white-s59337670/', other_colors='No', short_description='        Children's desk chair', designer='593.376.70 Height adjustable children's desk chair which you can swivel to the desired height.You sit comfortably since the chair is adjustable in height.May be completed with KOLON floor protector.This product has been tested for domestic use.Recommended for ages 7 – 12 years.', depth=56.0, height=0.0, width=56.0}
Products{id=1731, item_id=50178411, name='LÄTT', category='Children's furniture', price=135.0, old_price=0.0, sellable_online=true, link='https://www.ikea.com/sa/en/p/laett-childrens-table-with-2-chairs-white-pine-50178411/', other_colors='No', short_description='        Children's table with 2 chairs', designer='IKEA of Sweden', depth=0.0, height=0.0, width=0.0}
Products{id=1732, item_id=50365177, name='MAMMUT', category='Children's furniture', price=129.0, old_price=0.0, sellable_online=true, link='https://www.ikea.com/sa/en/p/mammut-childrens-table-in-outdoor-white-50365177/', other_colors='No', short_description='"        Children's table,          77x55 cm"', designer='M Kjelstrup/A Östgaard', depth=0.0, height=48.0, width=55.0}
Products{id=1733, item_id=40365371, name='MAMMUT', category='Children's furniture', price=59.0, old_price=0.0, sellable_online=true, link='https://www.ikea.com/sa/en/p/mammut-childrens-chair-in-outdoor-white-40365371/', other_colors='No', short_description='        Children's chair', designer='M Kjelstrup/A Östgaard', depth=36.0, height=67.0, width=39.0}
Products{id=1734, item_id=80382321, name='MAMMUT', category='Children's furniture', price=59.0, old_price=0.0, sellable_online=true, link='https://www.ikea.com/sa/en/p/mammut-childrens-chair-in-outdoor-pink-80382321/', other_colors='No', short_description='        Children's chair', designer='M Kjelstrup/A Östgaard', depth=36.0, height=67.0, width=39.0}
Products{id=1735, item_id=90365180, name='MAMMUT', category='Children's furniture', price=149.0, old_price=0.0, sellable_online=true, link='https://www.ikea.com/sa/en/p/mammut-childrens-table-in-outdoor-blue-90365180/', other_colors='No', short_description='"        Children's table,          85 cm"', designer='M Kjelstrup/A Östgaard', depth=0.0, height=48.0, width=0.0}
Products{id=1736, item_id=80342052, name='CIRKUSTÄLT', category='Children's furniture', price=79.0, old_price=0.0, sellable_online=true, link='https://www.ikea.com/sa/en/p/cirkustaelt-childrens-tent-80342052/', other_colors='No', short_description='        Children's tent', designer='IKEA of Sweden', depth=0.0, height=120.0, width=0.0}
Products{id=1737, item_id=60357737, name='UTTER', category='Children's furniture', price=45.0, old_price=0.0, sellable_online=true, link='https://www.ikea.com/sa/en/p/utter-childrens-table-in-outdoor-white-60357737/', other_colors='No', short_description='        Children's table', designer='K Hagberg/M Hagberg', depth=0.0, height=43.0, width=42.0}
Products{id=1738, item_id=60365346, name='MAMMUT', category='Children's furniture', price=59.0, old_price=0.0, sellable_online=true, link='https://www.ikea.com/sa/en/p/mammut-childrens-chair-in-outdoor-blue-60365346/', other_colors='No', short_description='        Children's chair', designer='M Kjelstrup/A Östgaard', depth=36.0, height=67.0, width=39.0}
Products{id=1739, item_id=20382324, name='MAMMUT', category='Children's furniture', price=29.0, old_price=0.0, sellable_online=true, link='https://www.ikea.com/sa/en/p/mammut-childrens-stool-in-outdoor-yellow-20382324/', other_colors='No', short_description='        Children's stool', designer='M Kjelstrup/A Östgaard', depth=0.0, height=0.0, width=35.0}
Products{id=1740, item_id=29042877, name='TROFAST', category='Children's furniture', price=365.0, old_price=0.0, sellable_online=true, link='https://www.ikea.com/sa/en/p/trofast-storage-combination-white-s29042877/', other_colors='Yes', short_description='"        Storage combination,          99x44x94 cm"', designer='Studio Copenhagen', depth=44.0, height=94.0, width=99.0}
Products{id=1741, item_id=40365366, name='MAMMUT', category='Children's furniture', price=59.0, old_price=0.0, sellable_online=true, link='https://www.ikea.com/sa/en/p/mammut-childrens-chair-in-outdoor-red-40365366/', other_colors='No', short_description='        Children's chair', designer='M Kjelstrup/A Östgaard', depth=36.0, height=67.0, width=39.0}
Products{id=1742, item_id=60248418, name='FÖRSIKTIG', category='Children's furniture', price=15.0, old_price=0.0, sellable_online=true, link='https://www.ikea.com/sa/en/p/foersiktig-childrens-stool-white-green-60248418/', other_colors='No', short_description='        Children's stool', designer='K Hagberg/M Hagberg', depth=24.0, height=13.0, width=37.0}
Products{id=1743, item_id=60365167, name='MAMMUT', category='Children's furniture', price=129.0, old_price=0.0, sellable_online=true, link='https://www.ikea.com/sa/en/p/mammut-childrens-table-in-outdoor-red-60365167/', other_colors='No', short_description='"        Children's table,          77x55 cm"', designer='M Kjelstrup/A Östgaard', depth=0.0, height=48.0, width=55.0}
Products{id=1744, item_id=70392542, name='STRANDMON', category='Children's furniture', price=495.0, old_price=0.0, sellable_online=true, link='https://www.ikea.com/sa/en/p/strandmon-childrens-armchair-vissle-grey-70392542/', other_colors='No', short_description='        Children's armchair', designer='IKEA of Sweden', depth=62.0, height=71.0, width=56.0}
Products{id=1745, item_id=30213076, name='MICKE', category='Children's furniture', price=175.0, old_price=0.0, sellable_online=true, link='https://www.ikea.com/sa/en/p/micke-desk-white-30213076/', other_colors='Yes', short_description='"        Desk,          73x50 cm"', designer='Henrik Preutz', depth=50.0, height=75.0, width=73.0}
Products{id=1746, item_id=80201740, name='SUNDVIK', category='Children's furniture', price=245.0, old_price=0.0, sellable_online=true, link='https://www.ikea.com/sa/en/p/sundvik-rocking-chair-white-80201740/', other_colors='No', short_description='        Rocking-chair', designer='Eva Schildt', depth=69.0, height=57.0, width=37.0}
Products{id=1747, item_id=50298418, name='FLISAT', category='Children's furniture', price=349.0, old_price=0.0, sellable_online=true, link='https://www.ikea.com/sa/en/p/flisat-childrens-table-50298418/', other_colors='No', short_description='"        Children's table,          83x58 cm"', designer='S Fager/J Karlsson', depth=0.0, height=48.0, width=58.0}
Products{id=1748, item_id=60306494, name='PÅHL', category='Children's furniture', price=125.0, old_price=0.0, sellable_online=true, link='https://www.ikea.com/sa/en/p/pahl-desk-top-shelf-white-green-60306494/', other_colors='No', short_description='"        Desk top shelf,          64x60 cm"', designer='S Fager/J Jelinek', depth=17.0, height=60.0, width=64.0}
Products{id=1749, item_id=70441769, name='ÖRFJÄLL', category='Children's furniture', price=195.0, old_price=0.0, sellable_online=true, link='https://www.ikea.com/sa/en/p/oerfjaell-childrens-desk-chair-white-vissle-pink-70441769/', other_colors='No', short_description='        Children's desk chair', designer='S Holmbäck/U Nordentoft', depth=53.0, height=0.0, width=53.0}
Products{id=1750, item_id=9903014, name='MICKE', category='Children's furniture', price=451.0, old_price=0.0, sellable_online=true, link='https://www.ikea.com/sa/en/p/micke-desk-white-s09903014/', other_colors='Yes', short_description='"        Desk,          105x50 cm"', designer='Henrik Preutz', depth=50.0, height=140.0, width=105.0}
Products{id=1751, item_id=79898306, name='TROFAST', category='Children's furniture', price=155.0, old_price=0.0, sellable_online=true, link='https://www.ikea.com/sa/en/p/trofast-wall-storage-white-white-s79898306/', other_colors='No', short_description='"        Wall storage,          99x21x30 cm"', designer='Studio Copenhagen', depth=21.0, height=30.0, width=99.0}
Products{id=1752, item_id=90116553, name='POÄNG', category='Children's furniture', price=179.0, old_price=0.0, sellable_online=true, link='https://www.ikea.com/sa/en/p/poaeng-childrens-armchair-birch-veneer-almas-natural-90116553/', other_colors='No', short_description='        Children's armchair', designer='Noboru Nakamura', depth=60.0, height=68.0, width=47.0}
Products{id=1753, item_id=50365361, name='MAMMUT', category='Children's furniture', price=29.0, old_price=0.0, sellable_online=true, link='https://www.ikea.com/sa/en/p/mammut-childrens-stool-in-outdoor-orange-50365361/', other_colors='No', short_description='        Children's stool', designer='M Kjelstrup/A Östgaard', depth=0.0, height=0.0, width=35.0}
Products{id=1754, item_id=10407136, name='IKEA PS LÖMSK', category='Children's furniture', price=345.0, old_price=0.0, sellable_online=true, link='https://www.ikea.com/sa/en/p/ikea-ps-loemsk-swivel-armchair-white-red-10407136/', other_colors='No', short_description='        Swivel armchair', designer='Monika Mulder', depth=62.0, height=75.0, width=59.0}
Products{id=1755, item_id=10362963, name='SLÄKT', category='Children's furniture', price=425.0, old_price=0.0, sellable_online=true, link='https://www.ikea.com/sa/en/p/slaekt-pouffe-mattress-foldable-10362963/', other_colors='No', short_description='"        Pouffe/mattress, foldable"', designer='Gustav Carlberg', depth=0.0, height=0.0, width=62.0}
Products{id=1756, item_id=89228472, name='TROFAST', category='Children's furniture', price=350.0, old_price=0.0, sellable_online=true, link='https://www.ikea.com/sa/en/p/trofast-storage-combination-white-green-s89228472/', other_colors='Yes', short_description='"        Storage combination,          99x44x56 cm"', designer='Studio Copenhagen', depth=44.0, height=56.0, width=99.0}
Products{id=1757, item_id=10201673, name='SUNDVIK', category='Children's furniture', price=175.0, old_price=0.0, sellable_online=true, link='https://www.ikea.com/sa/en/p/sundvik-childrens-table-white-10201673/', other_colors='No', short_description='"        Children's table,          76x50 cm"', designer='IKEA of Sweden', depth=0.0, height=50.0, width=50.0}
Products{id=1758, item_id=19102659, name='TROFAST', category='Children's furniture', price=395.0, old_price=0.0, sellable_online=true, link='https://www.ikea.com/sa/en/p/trofast-storage-combination-light-white-stained-pine-pine-white-s19102659/', other_colors='Yes', short_description='"        Storage combination,          94x44x52 cm"', designer='Studio Copenhagen', depth=44.0, height=52.0, width=94.0}
Products{id=1759, item_id=10243574, name='BUSA', category='Children's furniture', price=49.0, old_price=0.0, sellable_online=true, link='https://www.ikea.com/sa/en/p/busa-childrens-tent-10243574/', other_colors='No', short_description='        Children's tent', designer='Maria Vinka', depth=0.0, height=76.0, width=76.0}
Products{id=1760, item_id=80213074, name='MICKE', category='Children's furniture', price=276.0, old_price=0.0, sellable_online=true, link='https://www.ikea.com/sa/en/p/micke-desk-white-80213074/', other_colors='Yes', short_description='"        Desk,          105x50 cm"', designer='Henrik Preutz', depth=50.0, height=75.0, width=105.0}
Products{id=1761, item_id=39252756, name='STUVA / FRITIDS', category='Children's furniture', price=425.0, old_price=0.0, sellable_online=true, link='https://www.ikea.com/sa/en/p/stuva-fritids-wardrobe-white-white-s39252756/', other_colors='Yes', short_description='"        Wardrobe,          60x50x128 cm"', designer='IKEA of Sweden/Ebba Strandmark', depth=50.0, height=128.0, width=60.0}
Products{id=1762, item_id=59252637, name='STUVA / FRITIDS', category='Children's furniture', price=395.0, old_price=0.0, sellable_online=true, link='https://www.ikea.com/sa/en/p/stuva-fritids-bench-with-toy-storage-white-white-s59252637/', other_colors='Yes', short_description='"        Bench with toy storage,          90x50x50 cm"', designer='Ebba Strandmark', depth=50.0, height=50.0, width=90.0}
Products{id=1763, item_id=99228570, name='TROFAST', category='Children's furniture', price=195.0, old_price=0.0, sellable_online=true, link='https://www.ikea.com/sa/en/p/trofast-storage-combination-white-pink-s99228570/', other_colors='Yes', short_description='"        Storage combination,          46x30x94 cm"', designer='Studio Copenhagen', depth=30.0, height=94.0, width=46.0}
Products{id=1764, item_id=80290779, name='FLISAT', category='Children's furniture', price=139.0, old_price=0.0, sellable_online=true, link='https://www.ikea.com/sa/en/p/flisat-childrens-bench-adjustable-80290779/', other_colors='No', short_description='        Children's bench', designer='Sarah Fager', depth=38.0, height=45.0, width=55.0}
Products{id=1765, item_id=60196358, name='SUNDVIK', category='Children's furniture', price=125.0, old_price=0.0, sellable_online=true, link='https://www.ikea.com/sa/en/p/sundvik-childrens-chair-white-60196358/', other_colors='No', short_description='        Children's chair', designer='IKEA of Sweden', depth=29.0, height=55.0, width=28.0}
Products{id=1766, item_id=70228325, name='RESÖ', category='Children's furniture', price=205.0, old_price=0.0, sellable_online=true, link='https://www.ikea.com/sa/en/p/resoe-childrens-picnic-table-grey-brown-stained-grey-brown-70228325/', other_colors='No', short_description='        Children's picnic table', designer='IKEA of Sweden', depth=0.0, height=49.0, width=89.0}
Products{id=1767, item_id=49102304, name='TROFAST', category='Children's furniture', price=195.0, old_price=0.0, sellable_online=true, link='https://www.ikea.com/sa/en/p/trofast-wall-storage-light-white-stained-pine-pine-white-s49102304/', other_colors='No', short_description='"        Wall storage,          93x21x30 cm"', designer='Studio Copenhagen/Mia Lagerman', depth=21.0, height=30.0, width=0.0}
Products{id=1768, item_id=80433486, name='GODISHUS', category='Children's furniture', price=295.0, old_price=0.0, sellable_online=true, link='https://www.ikea.com/sa/en/p/godishus-chest-of-3-drawers-white-80433486/', other_colors='No', short_description='"        Chest of 3 drawers,          60x64 cm"', designer='"804.334.86 Perfect height for small children. They can easily reach and find things on their own.With the included colourful stickers, you can quickly label the drawers in your own personal way.You can also write with chalk on the sticker to keep track of where you have your things.WARNING! TIPPING HAZARD – Unanchored furniture can tip over. This furniture shall be anchored to the wall with the enclosed safety fitting to prevent it from tipping over.Different wall materials require different types of fixing devices. Use fixing devices suitable for the walls in your home, sold separately."', depth=40.0, height=64.0, width=60.0}
Products{id=1769, item_id=10091453, name='TROFAST', category='Children's furniture', price=275.0, old_price=0.0, sellable_online=true, link='https://www.ikea.com/sa/en/p/trofast-frame-white-10091453/', other_colors='No', short_description='"        Frame,          99x44x94 cm"', designer='Studio Copenhagen', depth=44.0, height=94.0, width=99.0}
Products{id=1770, item_id=19275075, name='STUVA / FRITIDS', category='Children's furniture', price=1545.0, old_price=0.0, sellable_online=true, link='https://www.ikea.com/sa/en/p/stuva-fritids-wardrobe-white-white-s19275075/', other_colors='Yes', short_description='"        Wardrobe,          120x50x192 cm"', designer='Ebba Strandmark/IKEA of Sweden', depth=50.0, height=192.0, width=120.0}
Products{id=1771, item_id=50422494, name='GODISHUS', category='Children's furniture', price=395.0, old_price=0.0, sellable_online=true, link='https://www.ikea.com/sa/en/p/godishus-wardrobe-white-50422494/', other_colors='No', short_description='"        Wardrobe,          60x51x178 cm"', designer='"504.224.94 You can position the shelf and clothes rail in two different ways – clothes rail at the top and shelf down below, or both together at the top of the wardrobe.Deep enough to hold standard-sized adult hangers.With the included colourful stickers, you can quickly label the doors in your own personal way.You can also write with chalk on the sticker to keep track of where you have your things.WARNING! TIPPING HAZARD – Unanchored furniture can tip over. This furniture shall be anchored to the wall with the enclosed safety fitting to prevent it from tipping over.Different wall materials require different types of fixing devices. Use fixing devices suitable for the walls in your home, sold separately."', depth=51.0, height=178.0, width=60.0}
Products{id=1772, item_id=60441779, name='ÖRFJÄLL', category='Children's furniture', price=195.0, old_price=0.0, sellable_online=true, link='https://www.ikea.com/sa/en/p/oerfjaell-childrens-desk-chair-white-vissle-blue-green-60441779/', other_colors='No', short_description='        Children's desk chair', designer='S Holmbäck/U Nordentoft', depth=53.0, height=0.0, width=53.0}
Products{id=1773, item_id=80371520, name='TROGEN', category='Children's furniture', price=89.0, old_price=0.0, sellable_online=true, link='https://www.ikea.com/sa/en/p/trogen-childrens-step-stool-yellow-80371520/', other_colors='No', short_description='"        Children's step stool,          40x38x33 cm"', designer='J Asshoff/H Brogård', depth=38.0, height=33.0, width=40.0}
Products{id=1774, item_id=50171122, name='TROFAST', category='Children's furniture', price=125.0, old_price=0.0, sellable_online=true, link='https://www.ikea.com/sa/en/p/trofast-wall-storage-white-50171122/', other_colors='No', short_description='"        Wall storage,          99x30 cm"', designer='Studio Copenhagen', depth=21.0, height=30.0, width=99.0}
Products{id=1775, item_id=50312909, name='BUSSAN', category='Children's furniture', price=525.0, old_price=0.0, sellable_online=true, link='https://www.ikea.com/sa/en/p/bussan-beanbag-in-outdoor-grey-50312909/', other_colors='No', short_description='"        Beanbag, in/outdoor"', designer='Anna Efverlund', depth=0.0, height=0.0, width=67.0}
Products{id=1776, item_id=40273593, name='FLISAT', category='Children's furniture', price=89.0, old_price=0.0, sellable_online=true, link='https://www.ikea.com/sa/en/p/flisat-childrens-stool-40273593/', other_colors='No', short_description='"        Children's stool,          24x24x28 cm"', designer='S Fager/J Karlsson', depth=24.0, height=0.0, width=24.0}
Products{id=1777, item_id=60305705, name='BUSUNGE', category='Children's furniture', price=395.0, old_price=0.0, sellable_online=true, link='https://www.ikea.com/sa/en/p/busunge-chest-of-2-drawers-white-60305705/', other_colors='No', short_description='"        Chest of 2 drawers,          80x75 cm"', designer='Carl Öjerstam', depth=40.0, height=75.0, width=80.0}
Products{id=1778, item_id=30306495, name='PÅHL', category='Children's furniture', price=100.0, old_price=0.0, sellable_online=true, link='https://www.ikea.com/sa/en/p/pahl-add-on-unit-white-green-30306495/', other_colors='Yes', short_description='"        Add-on unit,          64x39 cm"', designer='S Fager/J Jelinek', depth=17.0, height=39.0, width=64.0}
Products{id=1779, item_id=60265163, name='BOLMEN', category='Children's furniture', price=22.0, old_price=0.0, sellable_online=true, link='https://www.ikea.com/sa/en/p/bolmen-step-stool-white-60265163/', other_colors='Yes', short_description='        Step stool', designer='K Hagberg/M Hagberg', depth=35.0, height=0.0, width=44.0}
Products{id=1780, item_id=10192013, name='BUSA', category='Children's furniture', price=89.0, old_price=0.0, sellable_online=true, link='https://www.ikea.com/sa/en/p/busa-play-tunnel-10192013/', other_colors='No', short_description='        Play tunnel', designer='Maria Vinka', depth=0.0, height=0.0, width=0.0}
Products{id=1781, item_id=29228470, name='TROFAST', category='Children's furniture', price=365.0, old_price=0.0, sellable_online=true, link='https://www.ikea.com/sa/en/p/trofast-storage-combination-white-white-s29228470/', other_colors='Yes', short_description='"        Storage combination,          99x44x56 cm"', designer='Studio Copenhagen', depth=44.0, height=56.0, width=99.0}
Products{id=1782, item_id=99228476, name='TROFAST', category='Children's furniture', price=250.0, old_price=0.0, sellable_online=true, link='https://www.ikea.com/sa/en/p/trofast-storage-combination-white-white-s99228476/', other_colors='Yes', short_description='"        Storage combination,          46x30x145 cm"', designer='Studio Copenhagen', depth=30.0, height=145.0, width=46.0}
Products{id=1783, item_id=90253535, name='AGAM', category='Children's furniture', price=195.0, old_price=0.0, sellable_online=true, link='https://www.ikea.com/sa/en/p/agam-junior-chair-white-90253535/', other_colors='No', short_description='        Junior chair', designer='IKEA of Sweden', depth=43.0, height=79.0, width=41.0}
Products{id=1784, item_id=50196354, name='SUNDVIK', category='Children's furniture', price=140.0, old_price=0.0, sellable_online=true, link='https://www.ikea.com/sa/en/p/sundvik-childrens-table-grey-brown-50196354/', other_colors='No', short_description='"        Children's table,          76x50 cm"', designer='IKEA of Sweden', depth=0.0, height=50.0, width=50.0}
Products{id=1785, item_id=59128959, name='PÅHL', category='Children's furniture', price=395.0, old_price=0.0, sellable_online=true, link='https://www.ikea.com/sa/en/p/pahl-desk-with-add-on-unit-white-pink-s59128959/', other_colors='Yes', short_description='"        Desk with add-on unit,          96x58 cm"', designer='S Fager/J Jelinek', depth=58.0, height=0.0, width=96.0}
Products{id=1786, item_id=49123405, name='TROFAST', category='Children's furniture', price=350.0, old_price=0.0, sellable_online=true, link='https://www.ikea.com/sa/en/p/trofast-storage-combination-white-white-s49123405/', other_colors='No', short_description='"        Storage combination,          99x44x56 cm"', designer='Studio Copenhagen', depth=44.0, height=56.0, width=99.0}
Products{id=1787, item_id=10269696, name='SUNDVIK', category='Children's furniture', price=1095.0, old_price=0.0, sellable_online=true, link='https://www.ikea.com/sa/en/p/sundvik-wardrobe-white-10269696/', other_colors='No', short_description='"        Wardrobe,          80x50x171 cm"', designer='Jon Karlsson', depth=50.0, height=171.0, width=80.0}
Products{id=1788, item_id=95685100, name='TROFAST', category='Children's furniture', price=15.0, old_price=0.0, sellable_online=true, link='https://www.ikea.com/sa/en/p/trofast-storage-box-white-95685100/', other_colors='No', short_description='"        Storage box,          42x30x23 cm"', designer='Studio Copenhagen', depth=0.0, height=23.0, width=30.0}
Products{id=1789, item_id=20273594, name='FLISAT', category='Children's furniture', price=449.0, old_price=0.0, sellable_online=true, link='https://www.ikea.com/sa/en/p/flisat-childrens-desk-adjustable-20273594/', other_colors='No', short_description='        Children's desk', designer='S Fager/J Karlsson', depth=67.0, height=0.0, width=92.0}
Products{id=1790, item_id=9252593, name='LANGUR', category='Children's furniture', price=345.0, old_price=0.0, sellable_online=true, link='https://www.ikea.com/sa/en/p/langur-junior-highchair-white-s09252593/', other_colors='No', short_description='        Junior/highchair', designer='J Fritzdorf/J Feldman/J Hedberg', depth=61.0, height=87.0, width=56.0}
Products{id=1791, item_id=90091454, name='TROFAST', category='Children's furniture', price=30.0, old_price=0.0, sellable_online=true, link='https://www.ikea.com/sa/en/p/trofast-shelf-white-90091454/', other_colors='No', short_description='        Shelf', designer='Studio Copenhagen', depth=0.0, height=0.0, width=30.0}
Products{id=1792, item_id=20305707, name='BUSUNGE', category='Children's furniture', price=645.0, old_price=0.0, sellable_online=true, link='https://www.ikea.com/sa/en/p/busunge-wardrobe-white-20305707/', other_colors='No', short_description='"        Wardrobe,          80x139 cm"', designer='Carl Öjerstam', depth=52.0, height=139.0, width=80.0}
Products{id=1793, item_id=10424353, name='VIMUND', category='Children's furniture', price=299.0, old_price=0.0, sellable_online=true, link='https://www.ikea.com/sa/en/p/vimund-childrens-desk-chair-light-pink-10424353/', other_colors='Yes', short_description='        Children's desk chair', designer='IKEA of Sweden', depth=59.0, height=0.0, width=62.0}
Products{id=1794, item_id=80196357, name='SUNDVIK', category='Children's furniture', price=125.0, old_price=0.0, sellable_online=true, link='https://www.ikea.com/sa/en/p/sundvik-childrens-chair-grey-brown-80196357/', other_colors='No', short_description='        Children's chair', designer='IKEA of Sweden', depth=29.0, height=55.0, width=28.0}
Products{id=1795, item_id=80229008, name='BUSUNGE', category='Children's furniture', price=645.0, old_price=0.0, sellable_online=true, link='https://www.ikea.com/sa/en/p/busunge-wardrobe-light-pink-80229008/', other_colors='No', short_description='"        Wardrobe,          80x139 cm"', designer='Carl Öjerstam', depth=52.0, height=139.0, width=80.0}
Products{id=1796, item_id=89102095, name='TROFAST', category='Children's furniture', price=475.0, old_price=0.0, sellable_online=true, link='https://www.ikea.com/sa/en/p/trofast-storage-combination-light-white-stained-pine-pine-white-s89102095/', other_colors='Yes', short_description='"        Storage combination,          94x44x91 cm"', designer='Studio Copenhagen', depth=44.0, height=91.0, width=94.0}
Products{id=1797, item_id=29252912, name='STUVA / FRITIDS', category='Children's furniture', price=830.0, old_price=0.0, sellable_online=true, link='https://www.ikea.com/sa/en/p/stuva-fritids-wardrobe-white-white-s29252912/', other_colors='Yes', short_description='"        Wardrobe,          60x50x192 cm"', designer='Ebba Strandmark/IKEA of Sweden', depth=50.0, height=192.0, width=60.0}
Products{id=1798, item_id=50308002, name='TROFAST', category='Children's furniture', price=10.0, old_price=0.0, sellable_online=true, link='https://www.ikea.com/sa/en/p/trofast-storage-box-yellow-50308002/', other_colors='No', short_description='"        Storage box,          42x30x10 cm"', designer='Studio Copenhagen', depth=0.0, height=10.0, width=30.0}
Products{id=1799, item_id=20089242, name='TROFAST', category='Children's furniture', price=25.0, old_price=0.0, sellable_online=true, link='https://www.ikea.com/sa/en/p/trofast-storage-box-white-20089242/', other_colors='No', short_description='"        Storage box,          42x30x36 cm"', designer='Studio Copenhagen', depth=0.0, height=36.0, width=30.0}
Products{id=1800, item_id=50346985, name='LANGUR', category='Children's furniture', price=35.0, old_price=0.0, sellable_online=true, link='https://www.ikea.com/sa/en/p/langur-padded-seat-cover-for-junior-chair-grey-50346985/', other_colors='No', short_description='        Padded seat cover for junior chair', designer='Chenyi Ke', depth=60.0, height=36.0, width=56.0}
Products{id=1801, item_id=50357785, name='UTTER', category='Children's furniture', price=25.0, old_price=0.0, sellable_online=true, link='https://www.ikea.com/sa/en/p/utter-childrens-stool-in-outdoor-white-50357785/', other_colors='No', short_description='        Children's stool', designer='K Hagberg/M Hagberg', depth=0.0, height=0.0, width=0.0}
Products{id=1802, item_id=69260081, name='YPPERLIG', category='Children's furniture', price=665.0, old_price=0.0, sellable_online=true, link='https://www.ikea.com/sa/en/p/ypperlig-childrens-table-with-2-benches-s69260081/', other_colors='No', short_description='        Children's table with 2 benches', designer='HAY', depth=0.0, height=56.0, width=62.0}
Products{id=1803, item_id=10441786, name='ÖRFJÄLL', category='Children's furniture', price=195.0, old_price=0.0, sellable_online=true, link='https://www.ikea.com/sa/en/p/oerfjaell-childrens-desk-chair-white-vissle-dark-grey-10441786/', other_colors='No', short_description='        Children's desk chair', designer='S Holmbäck/U Nordentoft', depth=53.0, height=0.0, width=53.0}
Products{id=1804, item_id=59253043, name='STUVA / FRITIDS', category='Children's furniture', price=1225.0, old_price=0.0, sellable_online=true, link='https://www.ikea.com/sa/en/p/stuva-fritids-wardrobe-with-storage-bench-white-white-s59253043/', other_colors='Yes', short_description='"        Wardrobe with storage bench,          150x50x192 cm"', designer='IKEA of Sweden/Ebba Strandmark', depth=50.0, height=192.0, width=150.0}
Products{id=1805, item_id=99129004, name='PÅHL', category='Children's furniture', price=450.0, old_price=0.0, sellable_online=true, link='https://www.ikea.com/sa/en/p/pahl-desk-with-shelf-unit-white-s99129004/', other_colors='Yes', short_description='"        Desk with shelf unit,          128x58 cm"', designer='S Fager/J Jelinek', depth=58.0, height=0.0, width=128.0}
Products{id=1806, item_id=20229011, name='BUSUNGE', category='Children's furniture', price=395.0, old_price=0.0, sellable_online=true, link='https://www.ikea.com/sa/en/p/busunge-chest-of-2-drawers-light-pink-20229011/', other_colors='No', short_description='"        Chest of 2 drawers,          80x75 cm"', designer='Carl Öjerstam', depth=40.0, height=75.0, width=80.0}
Products{id=1807, item_id=30298023, name='TROFAST', category='Children's furniture', price=15.0, old_price=0.0, sellable_online=true, link='https://www.ikea.com/sa/en/p/trofast-storage-box-orange-30298023/', other_colors='No', short_description='"        Storage box,          42x30x23 cm"', designer='Studio Copenhagen', depth=0.0, height=23.0, width=30.0}
Products{id=1808, item_id=70091412, name='TROFAST', category='Children's furniture', price=5.0, old_price=0.0, sellable_online=true, link='https://www.ikea.com/sa/en/p/trofast-storage-box-white-70091412/', other_colors='No', short_description='"        Storage box,          20x30x10 cm"', designer='Studio Copenhagen', depth=0.0, height=10.0, width=30.0}
Products{id=1809, item_id=59279585, name='STUVA / FRITIDS', category='Children's furniture', price=375.0, old_price=0.0, sellable_online=true, link='https://www.ikea.com/sa/en/p/stuva-fritids-toy-storage-with-wheels-white-white-s59279585/', other_colors='Yes', short_description='"        Toy storage with wheels,          60x50x64 cm"', designer='IKEA of Sweden/Ebba Strandmark', depth=50.0, height=64.0, width=60.0}
Products{id=1810, item_id=90269697, name='SUNDVIK', category='Children's furniture', price=1095.0, old_price=0.0, sellable_online=true, link='https://www.ikea.com/sa/en/p/sundvik-wardrobe-grey-brown-90269697/', other_colors='No', short_description='"        Wardrobe,          80x50x171 cm"', designer='Jon Karlsson', depth=50.0, height=171.0, width=80.0}
Products{id=1811, item_id=80308699, name='TROFAST', category='Children's furniture', price=55.0, old_price=0.0, sellable_online=true, link='https://www.ikea.com/sa/en/p/trofast-shelf-light-white-stained-pine-pine-80308699/', other_colors='No', short_description='"        Shelf,          30 cm"', designer='Studio Copenhagen', depth=0.0, height=0.0, width=30.0}
Products{id=1812, item_id=80153800, name='TROFAST', category='Children's furniture', price=275.0, old_price=0.0, sellable_online=true, link='https://www.ikea.com/sa/en/p/trofast-frame-white-80153800/', other_colors='No', short_description='"        Frame,          99x44x56 cm"', designer='Studio Copenhagen', depth=44.0, height=56.0, width=99.0}
Products{id=1813, item_id=9252673, name='STUVA / FRITIDS', category='Children's furniture', price=415.0, old_price=0.0, sellable_online=true, link='https://www.ikea.com/sa/en/p/stuva-fritids-chest-of-3-drawers-white-white-s09252673/', other_colors='Yes', short_description='"        Chest of 3 drawers,          60x64 cm"', designer='Ebba Strandmark', depth=50.0, height=64.0, width=60.0}
Products{id=1814, item_id=49128945, name='PÅHL', category='Children's furniture', price=295.0, old_price=0.0, sellable_online=true, link='https://www.ikea.com/sa/en/p/pahl-desk-white-s49128945/', other_colors='Yes', short_description='"        Desk,          96x58 cm"', designer='S Fager/J Jelinek', depth=58.0, height=0.0, width=96.0}
Products{id=1815, item_id=89128953, name='PÅHL', category='Children's furniture', price=325.0, old_price=0.0, sellable_online=true, link='https://www.ikea.com/sa/en/p/pahl-desk-white-s89128953/', other_colors='Yes', short_description='"        Desk,          128x58 cm"', designer='S Fager/J Jelinek', depth=58.0, height=0.0, width=128.0}
Products{id=1816, item_id=39207716, name='JULES', category='Children's furniture', price=255.0, old_price=0.0, sellable_online=true, link='https://www.ikea.com/sa/en/p/jules-childrens-desk-chair-white-s39207716/', other_colors='Yes', short_description='        Children's desk chair', designer='Nicholai Wiig Hansen', depth=56.0, height=0.0, width=58.0}
Products{id=1817, item_id=60308695, name='TROFAST', category='Children's furniture', price=385.0, old_price=0.0, sellable_online=true, link='https://www.ikea.com/sa/en/p/trofast-frame-light-white-stained-pine-pine-60308695/', other_colors='No', short_description='"        Frame,          94x44x91 cm"', designer='Studio Copenhagen', depth=44.0, height=91.0, width=94.0}
Products{id=1818, item_id=30128629, name='STUVA', category='Children's furniture', price=175.0, old_price=0.0, sellable_online=true, link='https://www.ikea.com/sa/en/p/stuva-bench-white-30128629/', other_colors='No', short_description='"        Bench,          90x50x50 cm"', designer='Ebba Strandmark', depth=50.0, height=50.0, width=90.0}
Products{id=1819, item_id=90287413, name='BUNSÖ', category='Children's furniture', price=69.0, old_price=0.0, sellable_online=true, link='https://www.ikea.com/sa/en/p/bunsoe-childrens-easy-chair-outdoor-white-90287413/', other_colors='No', short_description='"        Children's easy chair, outdoor"', designer='Thomas Sandell', depth=63.0, height=49.0, width=51.0}
Products{id=1820, item_id=19252856, name='STUVA / FRITIDS', category='Children's furniture', price=675.0, old_price=0.0, sellable_online=true, link='https://www.ikea.com/sa/en/p/stuva-fritids-wardrobe-white-white-s19252856/', other_colors='Yes', short_description='"        Wardrobe,          60x50x192 cm"', designer='Ebba Strandmark/IKEA of Sweden', depth=50.0, height=192.0, width=60.0}
Products{id=1821, item_id=89252688, name='STUVA / FRITIDS', category='Children's furniture', price=545.0, old_price=0.0, sellable_online=true, link='https://www.ikea.com/sa/en/p/stuva-fritids-bookcase-with-drawers-white-white-s89252688/', other_colors='Yes', short_description='"        Bookcase with drawers,          60x50x128 cm"', designer='IKEA of Sweden/Ebba Strandmark', depth=50.0, height=128.0, width=60.0}
Products{id=1822, item_id=49252553, name='LANGUR', category='Children's furniture', price=400.0, old_price=0.0, sellable_online=true, link='https://www.ikea.com/sa/en/p/langur-junior-highchair-with-tray-white-s49252553/', other_colors='No', short_description='        Junior/highchair with tray', designer='J Fritzdorf/J Feldman/J Hedberg', depth=61.0, height=87.0, width=56.0}
Products{id=1823, item_id=30091452, name='TROFAST', category='Children's furniture', price=150.0, old_price=0.0, sellable_online=true, link='https://www.ikea.com/sa/en/p/trofast-frame-white-30091452/', other_colors='No', short_description='"        Frame,          46x30x94 cm"', designer='Studio Copenhagen', depth=30.0, height=94.0, width=46.0}
Products{id=1824, item_id=29103007, name='TROFAST', category='Children's furniture', price=240.0, old_price=0.0, sellable_online=true, link='https://www.ikea.com/sa/en/p/trofast-storage-combination-light-white-stained-pine-pine-white-s29103007/', other_colors='Yes', short_description='"        Storage combination,          44x30x91 cm"', designer='Studio Copenhagen', depth=30.0, height=91.0, width=44.0}
Products{id=1825, item_id=70451635, name='POÄNG', category='Children's furniture', price=45.0, old_price=0.0, sellable_online=true, link='https://www.ikea.com/sa/en/p/poaeng-childrens-armchair-cushion-almas-beige-70451635/', other_colors='No', short_description='        Children's armchair cushion', designer='704.516.35 Easy to keep clean since the cushion can be machine washed.Recommended for ages from 3 years.Children’s armchair frame is sold separately.', depth=0.0, height=0.0, width=39.0}
Products{id=1826, item_id=20308701, name='TROFAST', category='Children's furniture', price=165.0, old_price=0.0, sellable_online=true, link='https://www.ikea.com/sa/en/p/trofast-wall-storage-light-white-stained-pine-pine-20308701/', other_colors='No', short_description='"        Wall storage,          93x30 cm"', designer='Mia Lagerman', depth=21.0, height=30.0, width=93.0}
Products{id=1827, item_id=99228551, name='TROFAST', category='Children's furniture', price=260.0, old_price=0.0, sellable_online=true, link='https://www.ikea.com/sa/en/p/trofast-storage-combination-white-green-white-s99228551/', other_colors='Yes', short_description='"        Storage combination,          46x30x145 cm"', designer='Studio Copenhagen', depth=30.0, height=145.0, width=46.0}
Products{id=1828, item_id=80418056, name='POÄNG', category='Children's furniture', price=134.0, old_price=0.0, sellable_online=true, link='https://www.ikea.com/sa/en/p/poaeng-childrens-armchair-frame-birch-veneer-80418056/', other_colors='No', short_description='        Children's armchair frame', designer='Noboru Nakamura', depth=56.0, height=68.0, width=47.0}
Products{id=1829, item_id=69128992, name='PÅHL', category='Children's furniture', price=420.0, old_price=0.0, sellable_online=true, link='https://www.ikea.com/sa/en/p/pahl-desk-with-shelf-unit-white-s69128992/', other_colors='Yes', short_description='"        Desk with shelf unit,          96x58 cm"', designer='S Fager/J Jelinek', depth=58.0, height=0.0, width=96.0}
Products{id=1830, item_id=49128969, name='PÅHL', category='Children's furniture', price=425.0, old_price=0.0, sellable_online=true, link='https://www.ikea.com/sa/en/p/pahl-desk-with-add-on-unit-white-s49128969/', other_colors='Yes', short_description='"        Desk with add-on unit,          128x58 cm"', designer='S Fager/J Jelinek', depth=58.0, height=0.0, width=128.0}
Products{id=1831, item_id=80089239, name='TROFAST', category='Children's furniture', price=10.0, old_price=0.0, sellable_online=true, link='https://www.ikea.com/sa/en/p/trofast-storage-box-white-80089239/', other_colors='No', short_description='"        Storage box,          42x30x10 cm"', designer='Studio Copenhagen', depth=0.0, height=10.0, width=30.0}
Products{id=1832, item_id=80362974, name='SLÄKT', category='Children's furniture', price=295.0, old_price=0.0, sellable_online=true, link='https://www.ikea.com/sa/en/p/slaekt-storage-box-with-castors-80362974/', other_colors='No', short_description='"        Storage box with castors,          62x62x35 cm"', designer='Ebba Strandmark', depth=53.0, height=35.0, width=62.0}
Products{id=1833, item_id=90146456, name='INGOLF', category='Children's furniture', price=275.0, old_price=0.0, sellable_online=true, link='https://www.ikea.com/sa/en/p/ingolf-junior-chair-white-90146456/', other_colors='No', short_description='        Junior chair', designer='Carina Bengs', depth=45.0, height=77.0, width=41.0}
Products{id=1834, item_id=91415, name='TROFAST', category='Children's furniture', price=5.0, old_price=0.0, sellable_online=true, link='https://www.ikea.com/sa/en/p/trofast-lid-white-00091415/', other_colors='No', short_description='"        Lid,          20x28 cm"', designer='Studio Copenhagen', depth=0.0, height=0.0, width=28.0}
Products{id=1835, item_id=20308697, name='TROFAST', category='Children's furniture', price=320.0, old_price=0.0, sellable_online=true, link='https://www.ikea.com/sa/en/p/trofast-frame-light-white-stained-pine-pine-20308697/', other_colors='No', short_description='"        Frame,          94x52 cm"', designer='Studio Copenhagen', depth=44.0, height=52.0, width=94.0}
Products{id=1836, item_id=10308693, name='TROFAST', category='Children's furniture', price=195.0, old_price=0.0, sellable_online=true, link='https://www.ikea.com/sa/en/p/trofast-frame-light-white-stained-pine-pine-10308693/', other_colors='No', short_description='"        Frame,          44x91 cm"', designer='Studio Copenhagen', depth=30.0, height=91.0, width=44.0}
Products{id=1837, item_id=70253541, name='AGAM', category='Children's furniture', price=195.0, old_price=0.0, sellable_online=true, link='https://www.ikea.com/sa/en/p/agam-junior-chair-black-70253541/', other_colors='No', short_description='        Junior chair', designer='IKEA of Sweden', depth=43.0, height=79.0, width=41.0}
Products{id=1838, item_id=9102532, name='TROFAST', category='Children's furniture', price=395.0, old_price=0.0, sellable_online=true, link='https://www.ikea.com/sa/en/p/trofast-storage-combination-light-white-stained-pine-pine-white-s09102532/', other_colors='No', short_description='"        Storage combination,          94x44x52 cm"', designer='Studio Copenhagen', depth=44.0, height=52.0, width=94.0}
Products{id=1839, item_id=40466285, name='TROFAST', category='Children's furniture', price=10.0, old_price=0.0, sellable_online=false, link='https://www.ikea.com/sa/en/p/trofast-storage-box-green-40466285/', other_colors='No', short_description='"        Storage box,          42x30x10 cm"', designer='404.662.85 Fits in TROFAST frames.Can be stacked when completed with a lid.May be completed with TROFAST lid.', depth=30.0, height=10.0, width=42.0}
Products{id=1840, item_id=69337801, name='TROFAST', category='Children's furniture', price=200.0, old_price=0.0, sellable_online=false, link='https://www.ikea.com/sa/en/p/trofast-storage-combination-white-white-pink-s69337801/', other_colors='Yes', short_description='"        Storage combination,          46x30x94 cm"', designer='Studio Copenhagen', depth=30.0, height=94.0, width=46.0}
Products{id=1841, item_id=60353838, name='INGOLF', category='Children's furniture', price=220.0, old_price=0.0, sellable_online=true, link='https://www.ikea.com/sa/en/p/ingolf-junior-chair-antique-stain-60353838/', other_colors='No', short_description='        Junior chair', designer='Carina Bengs', depth=45.0, height=77.0, width=41.0}
Products{id=1842, item_id=79102958, name='TROFAST', category='Children's furniture', price=410.0, old_price=0.0, sellable_online=true, link='https://www.ikea.com/sa/en/p/trofast-storage-combination-light-white-stained-pine-pine-white-s79102958/', other_colors='Yes', short_description='"        Storage combination,          94x44x52 cm"', designer='Studio Copenhagen', depth=44.0, height=52.0, width=94.0}
Products{id=1843, item_id=50348668, name='YPPERLIG', category='Children's furniture', price=195.0, old_price=0.0, sellable_online=true, link='https://www.ikea.com/sa/en/p/ypperlig-childrens-bench-beech-dark-red-50348668/', other_colors='No', short_description='"        Children's bench,          65x35 cm"', designer='HAY', depth=0.0, height=56.0, width=35.0}
Products{id=1844, item_id=69252712, name='STUVA / FRITIDS', category='Children's furniture', price=730.0, old_price=0.0, sellable_online=true, link='https://www.ikea.com/sa/en/p/stuva-fritids-chest-of-6-drawers-white-white-s69252712/', other_colors='Yes', short_description='"        Chest of 6 drawers,          60x50x128 cm"', designer='Ebba Strandmark', depth=50.0, height=128.0, width=60.0}
Products{id=1845, item_id=165213, name='URBAN', category='Children's furniture', price=225.0, old_price=0.0, sellable_online=true, link='https://www.ikea.com/sa/en/p/urban-junior-chair-white-00165213/', other_colors='No', short_description='        Junior chair', designer='Carl Öjerstam', depth=48.0, height=79.0, width=45.0}
Products{id=1846, item_id=30171123, name='TROFAST', category='Children's furniture', price=175.0, old_price=0.0, sellable_online=true, link='https://www.ikea.com/sa/en/p/trofast-frame-white-30171123/', other_colors='No', short_description='"        Frame,          46x30x145 cm"', designer='Studio Copenhagen', depth=30.0, height=145.0, width=46.0}
Products{id=1847, item_id=19252615, name='LANGUR', category='Children's furniture', price=235.0, old_price=0.0, sellable_online=true, link='https://www.ikea.com/sa/en/p/langur-junior-chair-white-s19252615/', other_colors='No', short_description='        Junior chair', designer='J Fritzdorf/J Feldman/J Hedberg', depth=61.0, height=82.0, width=56.0}
Products{id=1848, item_id=30466281, name='TROFAST', category='Children's furniture', price=15.0, old_price=0.0, sellable_online=false, link='https://www.ikea.com/sa/en/p/trofast-storage-box-orange-30466281/', other_colors='No', short_description='"        Storage box,          42x30x23 cm"', designer='304.662.81 Fits in TROFAST frames.Can be stacked when completed with a lid.May be completed with TROFAST lid.', depth=30.0, height=23.0, width=42.0}
Products{id=1849, item_id=50466275, name='TROFAST', category='Children's furniture', price=15.0, old_price=0.0, sellable_online=false, link='https://www.ikea.com/sa/en/p/trofast-storage-box-pink-50466275/', other_colors='No', short_description='"        Storage box,          42x30x23 cm"', designer='504.662.75 Fits in TROFAST frames.Can be stacked when completed with a lid.May be completed with TROFAST lid.', depth=30.0, height=23.0, width=42.0}
Products{id=1850, item_id=40348664, name='YPPERLIG', category='Children's furniture', price=275.0, old_price=0.0, sellable_online=true, link='https://www.ikea.com/sa/en/p/ypperlig-childrens-table-beech-dark-red-40348664/', other_colors='No', short_description='"        Children's table,          74x62 cm"', designer='HAY', depth=0.0, height=51.0, width=62.0}